,tweet_id,retweets
0,892420643555336193,33807
1,892177421306343426,29330
2,891815181378084864,22052
3,891689557279858688,36938
4,891327558926688256,35308
5,891087950875897856,17812
6,890971913173991426,10363
7,890729181411237888,56865
8,890609185150312448,24525
9,890240255349198849,27963
10,890006608113172480,27037
11,889880896479866881,24569
12,889665388333682689,42050
13,889638837579907072,23678
14,889531135344209921,13353
15,889278841981685760,22120
16,888917238123831296,25640
17,888804989199671297,22467
18,888554962724278272,17315
19,888078434458587136,19152
20,887705289381826560,26628
21,887517139158093824,40725
22,887473957103951883,60192
23,887343217045368832,29593
24,887101392804085760,26985
25,886983233522544640,30386
26,886736880519319552,10501
27,886680336477933568,19737
28,886366144734445568,18547
29,886267009285017600,105
30,886258384151887873,24528
31,886054160059072513,0
32,885984800019947520,28612
33,885528943205470208,31602
34,885518971528720385,18006
35,885311592912609280,0
36,885167619883638784,19258
37,884925521741709313,67286
38,884876753390489601,24384
39,884562892145688576,21323
40,884441805382717440,23867
41,884247878851493888,63312
42,884162670584377345,17946
43,883838122936631299,19176
44,883482846933004288,40216
45,883360690899218434,19952
46,883117836046086144,32519
47,882992080364220416,20986
48,882762694511734784,24799
49,882627270321602560,24602
50,882268110199369728,39203
51,882045870035918850,25729
52,881906580714921986,21444
53,881666595344535552,44561
54,881633300179243008,113
55,881536004380872706,43446
56,881268444196462592,20480
57,880935762899988482,15052
58,880872448815771648,18712
59,880465832366813184,25031
60,880221127280381952,23677
61,880095782870896641,24342
62,879862464715927552,19702
63,879674319642796034,282
64,879492040517615616,20712
65,879415818425184262,92878
66,879376492567855104,14859
67,879130579576475649,0
68,879050749262655488,19816
69,879008229531029506,16786
70,878776093423087618,17140
71,878604707211726852,26445
72,878404777348136964,0
73,878316110768087041,0
74,878281511006478336,6780
75,878057613040115712,37153
76,877736472329191424,69301
77,877611172832227328,0
78,877556246731214848,19909
79,877316821321428993,24154
80,877201837425926144,23865
81,876838120628539392,18214
82,876537666061221889,21028
83,876484053909872640,16570
84,876120275196170240,24690
85,875747767867523072,22116
86,875144289856114688,19421
87,875097192612077568,24247
88,875021211251597312,22545
89,874680097055178752,24606
90,874434818259525634,0
91,874296783580663808,22968
92,874057562936811520,20119
93,874012996292530176,30127
94,873580283840344065,21386
95,873337748698140672,0
96,873213775632977920,6323
97,872967104147763200,24084
98,872820683541237760,13071
99,872620804844003328,18329
100,872486979161796608,36099
101,872122724285648897,30235
102,871879754684805121,33114
103,871762521631449091,17892
104,871515927908634625,17896
105,871166179821445120,0
106,871102520638267392,18550
107,871032628920680449,20162
108,870804317367881728,29807
109,870726314365509632,105
110,870656317836468226,10890
111,870374049280663552,73970
112,870308999962521604,19483
113,870063196459192321,32429
114,869772420881756160,38023
115,869702957897576449,25065
116,869596645499047938,14209
117,869227993411051520,18139
118,868880397819494401,57992
119,868639477480148993,0
120,868622495443632128,23646
121,868552278524837888,8972
122,867900495410671616,21609
123,867774946302451713,30279
124,867421006826221569,14349
125,867072653475098625,0
126,867051520902168576,28727
127,866720684873056260,17876
128,866686824827068416,17137
129,866450705531457537,108921
130,866334964761202691,46628
131,866094527597207552,0
132,865718153858494464,22937
133,865359393868664832,23618
134,865006731092295680,25052
135,864873206498414592,28871
136,864279568663928832,13074
137,864197398364647424,26643
138,863907417377173506,18448
139,863553081350529029,13691
140,863471782782697472,0
141,863432100342583297,21321
142,863427515083354112,1961
143,863079547188785154,7898
144,863062471531167744,7529
145,862831371563274240,17220
146,862722525377298433,15343
147,862457590147678208,18291
148,862096992088072192,66325
149,861383897657036800,32307
150,861288531465048066,15358
151,861005113778896900,14998
152,860981674716409858,0
153,860924035999428608,0
154,860563773140209665,6726
155,860524505164394496,21268
156,860276583193509888,16593
157,860184849394610176,15024
158,860177593139703809,0
159,859924526012018688,17646
160,859851578198683649,13980
161,859607811541651456,16841
162,859196978902773760,80600
163,859074603037188101,30454
164,858860390427611136,0
165,858843525470990336,14129
166,858471635011153920,19502
167,858107933456039936,14247
168,857989990357356544,14499
169,857746408056729600,30832
170,857393404942143489,5311
171,857263160327368704,18260
172,857214891891077121,204
173,857062103051644929,0
174,857029823797047296,17055
175,856543823941562368,14845
176,856526610513747968,10833
177,856288084350160898,488
178,856282028240666624,25254
179,855862651834028034,303
180,855860136149123072,4410
181,855857698524602368,10864
182,855851453814013952,41919
183,855818117272018944,24287
184,855459453768019968,27121
185,855245323840757760,0
186,855138241867124737,0
187,854732716440526848,20709
188,854482394044301312,26603
189,854365224396361728,17213
190,854120357044912130,29249
191,854010172552949760,14845
192,853760880890318849,26107
193,853639147608842240,31564
194,853299958564483072,14182
195,852936405516943360,0
196,852912242202992640,8261
197,852672615818899456,13657
198,852553447878664193,14915
199,852311364735569921,30389
200,852226086759018497,18368
201,852189679701164033,10578
202,851591660324737024,14976
203,851464819735769094,22292
204,851224888060895234,19067
205,850753642995093505,28178
206,850380195714523136,12092
207,850333567704068097,3192
208,850145622816686080,15061
209,850019790995546112,18801
210,849776966551130114,27935
211,849668094696017920,0
212,849412302885593088,14688
213,849336543269576704,10566
214,849051919805034497,39064
215,848690551926992896,23299
216,848324959059550208,22857
217,848213670039564288,7547
218,848212111729840128,15049
219,847978865427394560,0
220,847971574464610304,0
221,847962785489326080,21759
222,847842811428974592,5020
223,847617282490613760,6471
224,847606175596138505,17368
225,847251039262605312,18995
226,847157206088847362,18398
227,847116187444137987,19894
228,846874817362120707,18646
229,846514051647705089,41250
230,846505985330044928,13092
231,846153765933735936,29135
232,846139713627017216,28849
233,846042936437604353,14833
234,845812042753855489,27066
235,845677943972139009,23471
236,845397057150107648,7094
237,845306882940190720,21656
238,845098359547420673,0
239,844979544864018432,12695
240,844973813909606400,13948
241,844580511645339650,15307
242,844223788422217728,12714
243,843981021012017153,14143
244,843856843873095681,19986
245,843604394117681152,15732
246,843235543001513987,20001
247,842846295480000512,14237
248,842765311967449089,6299
249,842535590457499648,16941
250,842163532590374912,22770
251,842115215311396866,13056
252,841833993020538882,0
253,841680585030541313,24069
254,841439858740625411,11756
255,841320156043304961,18441
256,841314665196081154,14766
257,841077006473256960,21359
258,840761248237133825,0
259,840728873075638272,0
260,840698636975636481,165
261,840696689258311684,11501
262,840632337062862849,8438
263,840370681858686976,15359
264,840268004936019968,17930
265,839990271299457024,12551
266,839549326359670784,25621
267,839290600511926273,0
268,839239871831150596,25269
269,838952994649550848,18402
270,838921590096166913,10433
271,838916489579200512,0
272,838831947270979586,0
273,838561493054533637,10259
274,838476387338051585,20992
275,838201503651401729,0
276,838150277551247360,1570
277,838085839343206401,133
278,838083903487373313,16491
279,837820167694528512,31884
280,837482249356513284,3614
281,837471256429613056,12002
282,837110210464448512,15080
283,836989968035819520,11969
284,836753516572119041,18161
285,836677758902222849,11862
286,836648853927522308,0
287,836397794269200385,0
288,836380477523124226,13923
289,836260088725786625,19979
290,836001077879255040,17925
291,835685285446955009,0
292,835574547218894849,16685
293,835536468978302976,0
294,835309094223372289,0
295,835297930240217089,15454
296,835264098648616962,7248
297,835246439529840640,1992
298,835172783151792128,24606
299,835152434251116546,20983
300,834931633769889797,10122
301,834786237630337024,20253
302,834574053763584002,12828
303,834477809192075265,0
304,834458053273591808,9045
305,834209720923721728,19283
306,834167344700198914,14858
307,834089966724603904,9466
308,834086379323871233,12261
309,833863086058651648,12645
310,833826103416520705,17099
311,833732339549220864,0
312,833722901757046785,19717
313,833479644947025920,14032
314,833124694597443584,19007
315,832998151111966721,12453
316,832769181346996225,0
317,832757312314028032,15872
318,832682457690300417,11161
319,832645525019123713,2743
320,832636094638288896,14924
321,832397543355072512,11259
322,832369877331693569,16100
323,832273440279240704,10667
324,832215909146226688,0
325,832215726631055365,0
326,832088576586297345,59
327,832040443403784192,0
328,832032802820481025,16798
329,831939777352105988,22501
330,831926988323639298,319
331,831911600680497154,25887
332,831670449226514432,9802
333,831650051525054464,6692
334,831552930092285952,8467
335,831322785565769729,8758
336,831315979191906304,6181
337,831309418084069378,11108
338,831262627380748289,11182
339,830956169170665475,7518
340,830583320585068544,62520
341,830173239259324417,0
342,830097400375152640,9181
343,829878982036299777,0
344,829861396166877184,11537
345,829501995190984704,29927
346,829449946868879360,9892
347,829141528400556032,22932
348,829011960981237760,50309
349,828801551087042563,0
350,828770345708580865,24119
351,828708714936930305,34303
352,828650029636317184,8962
353,828409743546925057,6046
354,828408677031882754,7262
355,828381636999917570,11868
356,828376505180889089,6987
357,828372645993398273,11878
358,828361771580813312,2072
359,828046555563323392,11067
360,828011680017821696,9782
361,827933404142436356,18874
362,827653905312006145,14603
363,827600520311402496,7064
364,827324948884643840,14959
365,827199976799354881,10009
366,826958653328592898,20333
367,826848821049180160,34061
368,826615380357632002,0
369,826598799820865537,4862
370,826598365270007810,9457
371,826476773533745153,17381
372,826240494070030336,12534
373,826204788643753985,4600
374,826115272272650244,14742
375,825876512159186944,9926
376,825829644528148480,12029
377,825535076884762624,53994
378,825147591692263424,17271
379,825120256414846976,0
380,825026590719483904,5910
381,824796380199809024,0
382,824775126675836928,14067
383,824663926340194305,9941
384,824325613288833024,11183
385,824297048279236611,14233
386,824025158776213504,4575
387,823939628516474880,10057
388,823719002937630720,0
389,823699002998870016,13216
390,823581115634085888,12272
391,823333489516937216,662
392,823322678127919110,14838
393,823269594223824897,0
394,822975315408461824,16373
395,822872901745569793,124120
396,822859134160621569,12461
397,822647212903690241,0
398,822610361945911296,13975
399,822489057087389700,17118
400,822462944365645825,26323
401,822244816520155136,33125
402,822163064745328640,0
403,821886076407029760,10681
404,821813639212650496,0
405,821765923262631936,7907
406,821522889702862852,7573
407,821421320206483457,0
408,821407182352777218,11107
409,821153421864615936,236
410,821149554670182400,8115
411,821107785811234820,9074
412,821044531881721856,11966
413,820837357901512704,0
414,820749716845686786,29849
415,820690176645140481,11589
416,820494788566847489,0
417,820446719150292993,0
418,820314633777061888,3161
419,820078625395449857,18657
420,820013781606658049,0
421,819952236453363712,5016
422,819924195358416896,12240
423,819711362133872643,12618
424,819588359383371776,9160
425,819347104292290561,6844
426,819238181065359361,2140
427,819227688460238848,21798
428,819015337530290176,0
429,819015331746349057,0
430,819006400881917954,43044
431,819004803107983360,82715
432,818646164899774465,0
433,818627210458333184,21232
434,818614493328580609,9299
435,818588835076603904,0
436,818536468981415936,10276
437,818307523543449600,0
438,818259473185828864,10423
439,818145370475810820,11620
440,817908911860748288,4608
441,817827839487737858,48656
442,817777686764523521,10226
443,817536400337801217,11129
444,817502432452313088,0
445,817423860136083457,31866
446,817415592588222464,5296
447,817181837579653120,0
448,817171292965273600,8311
449,817120970343411712,11549
450,817056546584727552,8140
451,816829038950027264,0
452,816816676327063552,9481
453,816697700272001025,9247
454,816450570814898180,28701
455,816336735214911488,8166
456,816091915477250048,8483
457,816062466425819140,0
458,816014286006976512,0
459,815990720817401858,4688
460,815966073409433600,21141
461,815745968457060357,0
462,815736392542261248,9309
463,815639385530101762,7827
464,815390420867969024,9829
465,814986499976527872,7257
466,814638523311648768,10694
467,814578408554463233,0
468,814530161257443328,8218
469,814153002265309185,27266
470,813944609378369540,0
471,813910438903693312,8857
472,813812741911748608,34645
473,813800681631023104,7884
474,813217897535406080,17692
475,813202720496779264,8772
476,813187593374461952,18841
477,813172488309972993,8810
478,813157409116065792,7381
479,813142292504645637,8084
480,813130366689148928,4263
481,813127251579564032,11212
482,813112105746448384,9796
483,813096984823349248,10042
484,813081950185472002,9424
485,813066809284972545,7546
486,813051746834595840,19928
487,812781120811126785,7150
488,812709060537683968,6291
489,812503143955202048,5743
490,812466873996607488,7571
491,812372279581671427,12940
492,811985624773361665,6918
493,811744202451197953,7165
494,811647686436880384,5322
495,811627233043480576,12081
496,811386762094317568,19880
497,810984652412424192,5060
498,810896069567610880,8551
499,810657578271330305,10431
500,810284430598270976,33335
501,810254108431155201,13981
502,809920764300447744,14784
503,809808892968534016,0
504,809448704142938112,6611
505,809220051211603969,18890
506,809084759137812480,12567
507,808838249661788160,9646
508,808733504066486276,7509
509,808501579447930884,10765
510,808344865868283904,40224
511,808134635716833280,0
512,808106460588765185,8390
513,808001312164028416,11854
514,807621403335917568,13864
515,807106840509214720,111704
516,807059379405148160,0
517,807010152071229440,12483
518,806629075125202948,70644
519,806620845233815552,0
520,806576416489959424,4664
521,806542213899489280,9740
522,806242860592926720,0
523,806219024703037440,6137
524,805958939288408065,0
525,805932879469572096,7886
526,805826884734976000,6243
527,805823200554876929,0
528,805520635690676224,5486
529,805487436403003392,8354
530,805207613751304193,7482
531,804738756058218496,12996
532,804475857670639616,5848
533,804413760345620481,0
534,804026241225523202,42079
535,803773340896923648,9566
536,803692223237865472,0
537,803638050916102144,10382
538,803380650405482500,7396
539,803321560782307329,0
540,803276597545603072,9556
541,802952499103731712,8581
542,802624713319034886,0
543,802600418706604034,6768
544,802572683846291456,8520
545,802323869084381190,15346
546,802265048156610565,6623
547,802239329049477120,8648
548,802185808107208704,0
549,801958328846974976,7367
550,801854953262350336,1725
551,801538201127157760,7820
552,801285448605831168,5746
553,801167903437357056,23189
554,801127390143516673,0
555,801115127852503040,7680
556,800859414831898624,647
557,800855607700029440,0
558,800751577355128832,10092
559,800513324630806528,12503
560,800459316964663297,9050
561,800443802682937345,0
562,800388270626521089,10625
563,800188575492947969,0
564,800141422401830912,14519
565,800018252395122689,26921
566,799774291445383169,0
567,799757965289017345,7980
568,799422933579902976,7691
569,799308762079035393,0
570,799297110730567681,9389
571,799063482566066176,7699
572,798933969379225600,12432
573,798925684722855936,7160
574,798705661114773508,0
575,798701998996647937,0
576,798697898615730177,0
577,798694562394996736,0
578,798686750113755136,0
579,798682547630837760,0
580,798673117451325440,0
581,798665375516884993,0
582,798644042770751489,0
583,798628517273620480,0
584,798585098161549313,0
585,798576900688019456,0
586,798340744599797760,0
587,798209839306514432,9931
588,797971864723324932,10963
589,797545162159308800,13887
590,797236660651966464,18949
591,797165961484890113,214
592,796904159865868288,0
593,796865951799083009,7315
594,796759840936919040,11217
595,796563435802726400,0
596,796484825502875648,7189
597,796387464403357696,10468
598,796177847564038144,0
599,796149749086875649,30543
600,796125600683540480,4738
601,796116448414461957,8646
602,796080075804475393,8024
603,796031486298386433,10278
604,795464331001561088,46835
605,795400264262053889,9520
606,795076730285391872,15353
607,794983741416415232,0
608,794926597468000259,9688
609,794355576146903043,0
610,794332329137291264,9138
611,794205286408003585,8778
612,793962221541933056,15920
613,793845145112371200,8778
614,793614319594401792,0
615,793601777308463104,7585
616,793500921481273345,10129
617,793286476301799424,23364
618,793271401113350145,8258
619,793256262322548741,18945
620,793241302385262592,9997
621,793226087023144960,9289
622,793210959003287553,8486
623,793195938047070209,14465
624,793180763617361921,6571
625,793165685325201412,8916
626,793150605191548928,5857
627,793135492858580992,6089
628,793120401413079041,12036
629,792913359805018113,13613
630,792883833364439040,10714
631,792773781206999040,7002
632,792394556390137856,12735
633,792050063153438720,6784
634,791821351946420224,0
635,791784077045166082,0
636,791780927877898241,0
637,791774931465953280,42785
638,791672322847637504,11156
639,791406955684368384,12493
640,791312159183634433,8326
641,791026214425268224,0
642,790987426131050500,9313
643,790946055508652032,15870
644,790723298204217344,0
645,790698755171364864,7806
646,790581949425475584,19579
647,790337589677002753,7420
648,790277117346975746,11908
649,790227638568808452,0
650,789986466051088384,8809
651,789960241177853952,0
652,789903600034189313,9792
653,789628658055020548,7084
654,789599242079838210,6381
655,789530877013393408,11094
656,789314372632018944,8205
657,789280767834746880,0
658,789268448748703744,8668
659,789137962068021249,9227
660,788908386943430656,26092
661,788765914992902144,25925
662,788552643979468800,0
663,788412144018661376,14731
664,788178268662984705,6902
665,788150585577050112,5802
666,788070120937619456,0
667,788039637453406209,5800
668,787810552592695296,8156
669,787717603741622272,9714
670,787397959788929025,10337
671,787322443945877504,7401
672,787111942498508800,0
673,786963064373534720,25290
674,786729988674449408,0
675,786709082849828864,17369
676,786664955043049472,10057
677,786595970293370880,8973
678,786363235746385920,10283
679,786286427768250368,7566
680,786233965241827333,14415
681,786051337297522688,1354
682,786036967502913536,0
683,785927819176054784,10817
684,785872687017132033,6346
685,785639753186217984,7463
686,785533386513321988,8597
687,785515384317313025,5800
688,785264754247995392,6912
689,785170936622350336,11385
690,784826020293709826,9576
691,784517518371221505,8501
692,784431430411685888,5447
693,784183165795655680,18974
694,784057939640352768,28126
695,783839966405230592,28414
696,783821107061198850,6990
697,783695101801398276,9874
698,783466772167098368,7987
699,783391753726550016,16004
700,783347506784731136,0
701,783334639985389568,27509
702,783085703974514689,7740
703,782969140009107456,22828
704,782747134529531904,7072
705,782722598790725632,16301
706,782598640137187329,7383
707,782305867769217024,15716
708,782021823840026624,0
709,781955203444699136,10571
710,781661882474196992,9883
711,781655249211752448,3786
712,781524693396357120,19600
713,781308096455073793,6750
714,781251288990355457,7925
715,781163403222056960,9277
716,780931614150983680,20493
717,780858289093574656,6804
718,780800785462489090,5195
719,780601303617732608,11428
720,780543529827336192,5953
721,780496263422808064,0
722,780476555013349377,0
723,780459368902959104,5000
724,780192070812196864,8221
725,780092040432480260,0
726,780074436359819264,11438
727,779834332596887552,17772
728,779377524342161408,8258
729,779124354206535695,0
730,779056095788752897,13905
731,778990705243029504,18755
732,778774459159379968,0
733,778764940568104960,821
734,778748913645780993,6462
735,778650543019483137,5428
736,778624900596654080,4341
737,778408200802557953,12871
738,778396591732486144,0
739,778383385161035776,5506
740,778286810187399168,9747
741,778039087836069888,7996
742,778027034220126208,6200
743,777953400541634568,0
744,777885040357281792,5998
745,777684233540206592,10621
746,777641927919427584,0
747,777621514455814149,8220
748,777189768882946048,13325
749,776819012571455488,0
750,776813020089548800,4605
751,776477788987613185,8253
752,776249906839351296,0
753,776218204058357768,28117
754,776201521193218049,9029
755,776113305656188928,11123
756,776088319444877312,1715
757,775898661951791106,0
758,775842724423557120,11044
759,775733305207554048,13085
760,775729183532220416,12274
761,775364825476165632,6950
762,775350846108426240,9586
763,775085132600442880,14632
764,774757898236878852,8138
765,774639387460112384,6369
766,774314403806253056,20552
767,773985732834758656,10166
768,773922284943896577,6062
769,773704687002451968,6239
770,773670353721753600,5055
771,773547596996571136,20831
772,773336787167145985,0
773,773308824254029826,21992
774,773247561583001600,8886
775,773191612633579521,9398
776,772877495989305348,8053
777,772826264096874500,7568
778,772615324260794368,0
779,772581559778025472,6115
780,772193107915964416,5683
781,772152991789019136,3591
782,772117678702071809,3553
783,772114945936949249,2583
784,772102971039580160,3776
785,771908950375665664,6189
786,771770456517009408,11292
787,771500966810099713,7776
788,771380798096281600,9918
789,771171053431250945,0
790,771136648247640064,8612
791,771102124360998913,5867
792,771014301343748096,6487
793,770787852854652928,4619
794,770772759874076672,4890
795,770655142660169732,6927
796,770414278348247044,5945
797,770293558247038976,5856
798,770093767776997377,0
799,770069151037685760,7147
800,769940425801170949,29314
801,769695466921623552,6048
802,769335591808995329,0
803,769212283578875904,5085
804,768970937022709760,13411
805,768909767477751808,0
806,768855141948723200,3936
807,768609597686943744,3861
808,768596291618299904,4734
809,768554158521745409,0
810,768473857036525572,12781
811,768193404517830656,10202
812,767884188863397888,4469
813,767754930266464257,14993
814,767500508068192258,7058
815,767191397493538821,11547
816,767122157629476866,9554
817,766793450729734144,4750
818,766714921925144576,2465
819,766693177336135680,3799
820,766423258543644672,5643
821,766313316352462849,6346
822,766078092750233600,0
823,766069199026450432,3948
824,766008592277377025,3538
825,765719909049503744,6806
826,765669560888528897,4858
827,765395769549590528,25131
828,765371061932261376,6679
829,765222098633691136,10935
830,764857477905154048,6086
831,764259802650378240,5645
832,763956972077010945,734
833,763837565564780549,11773
834,763183847194451968,5060
835,763167063695355904,0
836,763103485927849985,6937
837,762699858130116608,11373
838,762471784394268675,10524
839,762464539388485633,9649
840,762316489655476224,4504
841,762035686371364864,29836
842,761976711479193600,5047
843,761750502866649088,0
844,761745352076779520,4021
845,761672994376806400,46319
846,761599872357261312,3885
847,761371037149827077,0
848,761334018830917632,4832
849,761292947749015552,4193
850,761227390836215808,5004
851,761004547850530816,10657
852,760893934457552897,3576
853,760656994973933572,6181
854,760641137271070720,4682
855,760539183865880579,7083
856,760521673607086080,3924
857,760290219849637889,25099
858,760252756032651264,3709
859,760190180481531904,5354
860,760153949710192640,0
861,759943073749200896,5532
862,759846353224826880,6298
863,759793422261743616,5584
864,759557299618865152,4404
865,759447681597108224,7949
866,759446261539934208,1565
867,759197388317847553,5700
868,759159934323924993,0
869,759099523532779520,13635
870,759047813560868866,6077
871,758854675097526272,3327
872,758828659922702336,10487
873,758740312047005698,5383
874,758474966123810816,3562
875,758467244762497024,4477
876,758405701903519748,4878
877,758355060040593408,3157
878,758099635764359168,17744
879,758041019896193024,2532
880,757741869644341248,6422
881,757729163776290825,0
882,757725642876129280,4255
883,757611664640446465,4291
884,757597904299253760,0
885,757596066325864448,4075
886,757400162377592832,14151
887,757393109802180609,5451
888,757354760399941633,4211
889,756998049151549440,5873
890,756939218950160384,6223
891,756651752796094464,4705
892,756526248105566208,9721
893,756303284449767430,3700
894,756288534030475264,41229
895,756275833623502848,5984
896,755955933503782912,6832
897,755206590534418437,15311
898,755110668769038337,19769
899,754874841593970688,0
900,754856583969079297,6452
901,754747087846248448,2421
902,754482103782404096,4940
903,754449512966619136,3508
904,754120377874386944,7400
905,753655901052166144,5461
906,753420520834629632,7355
907,753398408988139520,5359
908,753375668877008896,7150
909,753298634498793472,0
910,753294487569522689,3128
911,753039830821511168,34628
912,753026973505581056,3660
913,752932432744185856,11766
914,752917284578922496,6511
915,752701944171524096,0
916,752682090207055872,5612
917,752660715232722944,4082
918,752568224206688256,5120
919,752519690950500352,6868
920,752334515931054080,3594
921,752309394570878976,0
922,752173152931807232,5549
923,751950017322246144,2852
924,751937170840121344,4835
925,751830394383790080,5446
926,751793661361422336,5399
927,751598357617971201,7418
928,751583847268179968,4109
929,751538714308972544,4725
930,751456908746354688,3014
931,751251247299190784,11746
932,751205363882532864,5907
933,751132876104687617,4730
934,750868782890057730,4467
935,750719632563142656,12274
936,750506206503038976,4143
937,750429297815552001,12306
938,750383411068534784,4268
939,750381685133418496,670
940,750147208377409536,2914
941,750132105863102464,3374
942,750117059602808832,4056
943,750101899009982464,2849
944,750086836815486976,2026
945,750071704093859840,7258
946,750056684286914561,2955
947,750041628174217216,2969
948,750026558547456000,2534
949,750011400160841729,3015
950,749996283729883136,2836
951,749981277374128128,4785
952,749774190421639168,4355
953,749417653287129088,5695
954,749403093750648834,2440
955,749395845976588288,7967
956,749317047558017024,5101
957,749075273010798592,5373
958,749064354620928000,4503
959,749036806121881602,2883
960,748977405889503236,10036
961,748932637671223296,5410
962,748705597323898880,2585
963,748699167502000129,4417
964,748692773788876800,3958
965,748575535303884801,5640
966,748568946752774144,2049
967,748346686624440324,4858
968,748337862848962560,7071
969,748324050481647620,3460
970,748307329658011649,3449
971,748220828303695873,13154
972,747963614829678593,5388
973,747933425676525569,6182
974,747885874273214464,2727
975,747844099428986880,2632
976,747816857231626240,4508
977,747651430853525504,1275
978,747648653817413632,11984
979,747600769478692864,2171
980,747594051852075008,3427
981,747512671126323200,5138
982,747461612269887489,3599
983,747439450712596480,5042
984,747242308580548608,0
985,747219827526344708,4898
986,747204161125646336,3128
987,747103485104099331,8901
988,746906459439529985,2723
989,746872823977771008,5584
990,746818907684614144,4955
991,746790600704425984,4528
992,746757706116112384,8859
993,746726898085036033,5641
994,746542875601690625,4699
995,746521445350707200,0
996,746507379341139972,4344
997,746369468511756288,5769
998,746131877086527488,6401
999,746056683365994496,3325
1000,745789745784041472,3675
1001,745712589599014916,6516
1002,745433870967832576,6553
1003,745422732645535745,7950
1004,745314880350101504,6613
1005,745074613265149952,7287
1006,745057283344719872,6756
1007,744995568523612160,2751
1008,744971049620602880,7309
1009,744709971296780288,5233
1010,744334592493166593,6342
1011,744234799360020481,144891
1012,744223424764059648,1534
1013,743980027717509120,3905
1014,743895849529389061,3408
1015,743835915802583040,0
1016,743609206067040256,4162
1017,743595368194129920,16992
1018,743545585370791937,3283
1019,743510151680958465,7419
1020,743253157753532416,3934
1021,743222593470234624,5736
1022,743210557239623680,3559
1023,742534281772302336,6571
1024,742528092657332225,4112
1025,742465774154047488,6764
1026,742423170473463808,9110
1027,742385895052087300,6294
1028,742161199639494656,4010
1029,742150209887731712,4721
1030,741793263812808706,4218
1031,741743634094141440,7556
1032,741438259667034112,3421
1033,741303864243200000,8138
1034,741099773336379392,9239
1035,741067306818797568,8871
1036,740995100998766593,5837
1037,740711788199743490,3152
1038,740699697422163968,2652
1039,740676976021798912,16852
1040,740373189193256964,32617
1041,740365076218183684,2251
1042,740359016048689152,3050
1043,740214038584557568,6191
1044,739979191639244800,18529
1045,739932936087216128,3764
1046,739844404073074688,3533
1047,739623569819336705,3503
1048,739606147276148736,4998
1049,739544079319588864,36510
1050,739485634323156992,6613
1051,739238157791694849,107249
1052,738891149612572673,91
1053,738885046782832640,3505
1054,738883359779196928,3050
1055,738537504001953792,4706
1056,738402415918125056,3018
1057,738184450748633089,3982
1058,738166403467907072,8092
1059,738156290900254721,2290
1060,737826014890496000,4840
1061,737800304142471168,9284
1062,737678689543020544,4639
1063,737445876994609152,9467
1064,737322739594330112,3328
1065,737310737551491075,13551
1066,736736130620620800,3892
1067,736392552031657984,16369
1068,736365877722001409,3683
1069,736225175608430592,7501
1070,736010884653420544,7263
1071,735991953473572864,3300
1072,735648611367784448,3733
1073,735635087207878657,5671
1074,735274964362878976,12056
1075,735256018284875776,3073
1076,735137028879360001,2885
1077,734912297295085568,2549
1078,734787690684657664,11582
1079,734776360183431168,2328
1080,734559631394082816,1377
1081,733828123016450049,3309
1082,733822306246479872,3388
1083,733482008106668032,2885
1084,733460102733135873,3873
1085,733109485275860992,49399
1086,732732193018155009,2232
1087,732726085725589504,3297
1088,732585889486888962,3368
1089,732375214819057664,7444
1090,732005617171337216,13717
1091,731285275100512256,3225
1092,731156023742988288,3554
1093,730924654643314689,5653
1094,730573383004487680,4474
1095,730427201120833536,3208
1096,730211855403241472,3505
1097,730196704625098752,4451
1098,729854734790754305,3719
1099,729838605770891264,1604
1100,729823566028484608,3662
1101,729463711119904772,5327
1102,729113531270991872,1742
1103,728986383096946689,2894
1104,728760639972315136,4302
1105,728751179681943552,2552
1106,728653952833728512,3067
1107,728409960103686147,4509
1108,728387165835677696,3429
1109,728046963732717569,3952
1110,728035342121635841,4169
1111,728015554473250816,3796
1112,727685679342333952,2734
1113,727644517743104000,5401
1114,727524757080539137,4120
1115,727314416056803329,3072
1116,727286334147182592,2834
1117,727175381690781696,3604
1118,727155742655025152,3337
1119,726935089318363137,6317
1120,726887082820554753,3534
1121,726828223124897792,3310
1122,726224900189511680,4089
1123,725842289046749185,6531
1124,725786712245440512,3854
1125,725729321944506368,4807
1126,725458796924002305,1307
1127,724983749226668032,3450
1128,724771698126512129,2162
1129,724405726123311104,4880
1130,724049859469295616,3987
1131,724046343203856385,2458
1132,724004602748780546,3840
1133,723912936180330496,3598
1134,723688335806480385,7056
1135,723673163800948736,2795
1136,723179728551723008,4875
1137,722974582966214656,3777
1138,722613351520608256,4594
1139,721503162398597120,4238
1140,721001180231503872,2350
1141,720785406564900865,2864
1142,720775346191278080,2260
1143,720415127506415616,3806
1144,720389942216527872,5884
1145,720340705894408192,2630
1146,720059472081784833,3565
1147,720043174954147842,4584
1148,719991154352222208,4490
1149,719704490224398336,4189
1150,719551379208073216,4656
1151,719367763014393856,2604
1152,719339463458033665,4112
1153,719332531645071360,3184
1154,718971898235854848,3215
1155,718939241951195136,4814
1156,718631497683582976,17390
1157,718613305783398402,2263
1158,718540630683709445,2245
1159,718460005985447936,2512
1160,718454725339934721,4513
1161,718246886998687744,1766
1162,718234618122661888,3574
1163,717841801130979328,2279
1164,717790033953034240,2638
1165,717537687239008257,5332
1166,717428917016076293,1479
1167,717421804990701568,2899
1168,717047459982213120,5817
1169,717009362452090881,2988
1170,716802964044845056,3972
1171,716791146589110272,7754
1172,716730379797970944,1137
1173,716447146686459905,12039
1174,716439118184652801,2202
1175,716285507865542656,2562
1176,716080869887381504,6267
1177,715928423106027520,2941
1178,715758151270801409,3427
1179,715733265223708672,4298
1180,715704790270025728,2567
1181,715696743237730304,3619
1182,715680795826982913,3980
1183,715360349751484417,5050
1184,715342466308784130,2801
1185,715220193576927233,2219
1186,715200624753819648,4762
1187,715009755312439296,3825
1188,714982300363173890,3437
1189,714962719905021952,6762
1190,714957620017307648,3824
1191,714631576617938945,3021
1192,714606013974974464,3351
1193,714485234495041536,2461
1194,714258258790387713,2828
1195,714251586676113411,3032
1196,714214115368108032,2120
1197,714141408463036416,4010
1198,713919462244790272,3050
1199,713909862279876608,1754
1200,713900603437621249,2628
1201,713761197720473600,4475
1202,713411074226274305,4104
1203,713177543487135744,6665
1204,713175907180089344,4098
1205,712809025985978368,17592
1206,712717840512598017,11352
1207,712668654853337088,3836
1208,712438159032893441,4917
1209,712309440758808576,222
1210,712097430750289920,3472
1211,712092745624633345,2715
1212,712085617388212225,3021
1213,712065007010385924,2080
1214,711998809858043904,0
1215,711968124745228288,7430
1216,711743778164514816,2624
1217,711732680602345472,8102
1218,711694788429553666,30336
1219,711652651650457602,3559
1220,711363825979756544,3334
1221,711306686208872448,3058
1222,711008018775851008,2749
1223,710997087345876993,4225
1224,710844581445812225,2357
1225,710833117892898816,2477
1226,710658690886586372,2144
1227,710609963652087808,4444
1228,710588934686908417,4183
1229,710296729921429505,2207
1230,710283270106132480,2001
1231,710272297844797440,4155
1232,710269109699739648,2203
1233,710153181850935296,2686
1234,710140971284037632,2525
1235,710117014656950272,5040
1236,709918798883774466,3234
1237,709901256215666688,608
1238,709852847387627521,3244
1239,709566166965075968,3260
1240,709556954897764353,3029
1241,709519240576036864,1388
1242,709449600415961088,2029
1243,709409458133323776,2431
1244,709225125749587968,2216
1245,709207347839836162,11447
1246,709198395643068416,2274
1247,709179584944730112,1859
1248,709158332880297985,1883
1249,709042156699303936,4349
1250,708853462201716736,1671
1251,708845821941387268,2745
1252,708834316713893888,1556
1253,708810915978854401,15259
1254,708738143638450176,2549
1255,708711088997666817,2345
1256,708479650088034305,2347
1257,708469915515297792,2858
1258,708400866336894977,14707
1259,708356463048204288,3307
1260,708349470027751425,2193
1261,708149363256774660,3996
1262,708130923141795840,3105
1263,708119489313951744,2490
1264,708109389455101952,1807
1265,708026248782585858,4076
1266,707995814724026368,2880
1267,707983188426153984,45
1268,707969809498152960,2493
1269,707776935007539200,3015
1270,707741517457260545,2295
1271,707738799544082433,3745
1272,707693576495472641,3132
1273,707629649552134146,2361
1274,707610948723478529,15639
1275,707420581654872064,2077
1276,707411934438625280,2120
1277,707387676719185920,3224
1278,707377100785885184,3020
1279,707315916783140866,2287
1280,707297311098011648,2586
1281,707059547140169728,2405
1282,707038192327901184,2020
1283,707021089608753152,3742
1284,707014260413456384,2122
1285,706904523814649856,13460
1286,706901761596989440,1892
1287,706681918348251136,3033
1288,706644897839910912,2355
1289,706593038911545345,1992
1290,706538006853918722,3201
1291,706516534877929472,2879
1292,706346369204748288,3183
1293,706310011488698368,19579
1294,706291001778950144,1571
1295,706265994973601792,2527
1296,706169069255446529,3601
1297,706166467411222528,4742
1298,706153300320784384,1364
1299,705975130514706432,2869
1300,705970349788291072,2934
1301,705898680587526145,2192
1302,705786532653883392,1799
1303,705591895322394625,2922
1304,705475953783398401,2752
1305,705442520700944385,4078
1306,705428427625635840,3525
1307,705239209544720384,2778
1308,705223444686888960,2385
1309,705102439679201280,1968
1310,705066031337840642,2019
1311,704871453724954624,3969
1312,704859558691414016,2075
1313,704847917308362754,4711
1314,704819833553219584,2455
1315,704761120771465216,6150
1316,704499785726889984,2669
1317,704491224099647488,690
1318,704480331685040129,3154
1319,704364645503647744,7360
1320,704347321748819968,1449
1321,704134088924532736,1390
1322,704113298707505153,1718
1323,704054845121142784,2697
1324,703774238772166656,1711
1325,703769065844768768,3023
1326,703631701117943808,2370
1327,703611486317502464,3552
1328,703425003149250560,3510
1329,703407252292673536,2262
1330,703382836347330562,3229
1331,703356393781329922,1771
1332,703268521220972544,1829
1333,703079050210877440,6833
1334,703041949650034688,24382
1335,702932127499816960,2375
1336,702899151802126337,1486
1337,702684942141153280,2992
1338,702671118226825216,2021
1339,702598099714314240,11353
1340,702539513671897089,2655
1341,702332542343577600,2942
1342,702321140488925184,3035
1343,702276748847800320,2285
1344,702217446468493312,4398
1345,701981390485725185,3167
1346,701952816642965504,3547
1347,701889187134500865,3257
1348,701805642395348998,3128
1349,701601587219795968,1931
1350,701570477911896070,2585
1351,701545186879471618,2459
1352,701214700881756160,11300
1353,700890391244103680,2047
1354,700864154249383937,2403
1355,700847567345688576,2283
1356,700796979434098688,2262
1357,700747788515020802,21064
1358,700518061187723268,2400
1359,700505138482569216,2115
1360,700462010979500032,3790
1361,700167517596164096,2437
1362,700151421916807169,2062
1363,700143752053182464,6941
1364,700062718104104960,2453
1365,700029284593901568,1922
1366,700002074055016451,3038
1367,699801817392291840,2782
1368,699788877217865730,2066
1369,699779630832685056,2513
1370,699775878809702401,1813
1371,699691744225525762,9491
1372,699446877801091073,5521
1373,699434518667751424,2035
1374,699423671849451520,1251
1375,699413908797464576,1934
1376,699370870310113280,1757
1377,699323444782047232,2913
1378,699088579889332224,2091
1379,699079609774645248,2262
1380,699072405256409088,2725
1381,699060279947165696,3440
1382,699036661657767936,2410
1383,698989035503689728,3087
1384,698953797952008193,2491
1385,698907974262222848,2346
1386,698710712454139905,2279
1387,698703483621523456,1332
1388,698635131305795584,1198
1389,698549713696649216,2152
1390,698355670425473025,1709
1391,698342080612007937,2081
1392,698262614669991936,4415
1393,698195409219559425,15553
1394,698178924120031232,2598
1395,697995514407682048,1417
1396,697990423684476929,3020
1397,697943111201378304,2210
1398,697881462549430272,2789
1399,697630435728322560,1604
1400,697616773278015490,2900
1401,697596423848730625,2791
1402,697575480820686848,1896
1403,697516214579523584,1881
1404,697482927769255936,2246
1405,697463031882764288,3178
1406,697270446429966336,4354
1407,697259378236399616,3050
1408,697255105972801536,2855
1409,697242256848379904,2334
1410,696900204696625153,2928
1411,696894894812565505,2177
1412,696886256886657024,4456
1413,696877980375769088,2266
1414,696754882863349760,1375
1415,696744641916489729,1900
1416,696713835009417216,2183
1417,696518437233913856,3645
1418,696490539101908992,1137
1419,696488710901260288,2320
1420,696405997980676096,2933
1421,696100768806522880,1782
1422,695816827381944320,2768
1423,695794761660297217,2922
1424,695767669421768709,1713
1425,695629776980148225,4208
1426,695446424020918272,4102
1427,695409464418041856,8013
1428,695314793360662529,3345
1429,695095422348574720,2467
1430,695074328191332352,2620
1431,695064344191721472,1481
1432,695051054296211456,2441
1433,694925794720792577,2503
1434,694905863685980160,2543
1435,694669722378485760,33090
1436,694356675654983680,1389
1437,694352839993344000,1885
1438,694342028726001664,1464
1439,694329668942569472,1828
1440,694206574471057408,3825
1441,694183373896572928,2715
1442,694001791655137281,3148
1443,693993230313091072,1739
1444,693942351086120961,1626
1445,693647888581312512,2482
1446,693644216740769793,1267
1447,693642232151285760,2361
1448,693629975228977152,2264
1449,693622659251335168,1422
1450,693590843962331137,4669
1451,693582294167244802,1523
1452,693486665285931008,1630
1453,693280720173801472,3095
1454,693267061318012928,2204
1455,693262851218264065,2051
1456,693231807727280129,2661
1457,693155686491000832,7274
1458,693109034023534592,1569
1459,693095443459342336,1707
1460,692919143163629568,2508
1461,692905862751522816,2243
1462,692901601640583168,1620
1463,692894228850999298,2089
1464,692828166163931137,2664
1465,692752401762250755,6294
1466,692568918515392513,4040
1467,692535307825213440,2908
1468,692530551048294401,1707
1469,692423280028966913,1368
1470,692417313023332352,8676
1471,692187005137076224,2342
1472,692158366030913536,1977
1473,692142790915014657,1515
1474,692041934689402880,3132
1475,692017291282812928,2678
1476,691820333922455552,3664
1477,691793053716221953,7508
1478,691756958957883396,2608
1479,691675652215414786,1801
1480,691483041324204033,2207
1481,691459709405118465,3737
1482,691444869282295808,2441
1483,691416866452082688,17892
1484,691321916024623104,2392
1485,691096613310316544,2769
1486,691090071332753408,1606
1487,690989312272396288,5453
1488,690959652130045952,3324
1489,690938899477221376,3780
1490,690932576555528194,3032
1491,690735892932222976,3508
1492,690728923253055490,2008
1493,690690673629138944,2156
1494,690649993829576704,1203
1495,690607260360429569,279
1496,690597161306841088,1786
1497,690400367696297985,1745
1498,690374419777196032,2978
1499,690360449368465409,2454
1500,690348396616552449,1374
1501,690248561355657216,1544
1502,690021994562220032,2588
1503,690015576308211712,2311
1504,690005060500217858,3390
1505,689999384604450816,1308
1506,689993469801164801,1349
1507,689977555533848577,1269
1508,689905486972461056,2263
1509,689877686181715968,2807
1510,689835978131935233,2023
1511,689661964914655233,3003
1512,689659372465688576,9546
1513,689623661272240129,2044
1514,689599056876867584,10792
1515,689557536375177216,1906
1516,689517482558820352,3136
1517,689289219123089408,2073
1518,689283819090870273,3025
1519,689280876073582592,1831
1520,689275259254616065,1056
1521,689255633275777024,2359
1522,689154315265683456,2862
1523,689143371370250240,1869
1524,688916208532455424,2502
1525,688908934925697024,1945
1526,688898160958271489,1931
1527,688894073864884227,2062
1528,688828561667567616,1282
1529,688804835492233216,890
1530,688789766343622656,2060
1531,688547210804498433,2405
1532,688519176466644993,2155
1533,688385280030670848,8569
1534,688211956440801280,2082
1535,688179443353796608,1981
1536,688116655151435777,2618
1537,688064179421470721,1601
1538,687841446767013888,5034
1539,687826841265172480,2527
1540,687818504314159109,2283
1541,687807801670897665,2203
1542,687732144991551489,1625
1543,687704180304273409,2245
1544,687664829264453632,1807
1545,687494652870668288,1763
1546,687480748861947905,1477
1547,687476254459715584,1832
1548,687460506001633280,1909
1549,687399393394311168,1753
1550,687317306314240000,18679
1551,687312378585812992,4020
1552,687127927494963200,4980
1553,687124485711986689,2020
1554,687109925361856513,5372
1555,687102708889812993,2171
1556,687096057537363968,2081
1557,686947101016735744,8001
1558,686760001961103360,3244
1559,686749460672679938,3205
1560,686730991906516992,3814
1561,686683045143953408,2614
1562,686618349602762752,3417
1563,686606069955735556,1754
1564,686394059078897668,1600
1565,686386521809772549,3016
1566,686377065986265092,2050
1567,686358356425093120,2001
1568,686286779679375361,3729
1569,686050296934563840,2065
1570,686035780142297088,1062
1571,686034024800862208,2851
1572,686007916130873345,2285
1573,686003207160610816,1684
1574,685973236358713344,1941
1575,685943807276412928,1498
1576,685906723014619143,6911
1577,685681090388975616,1888
1578,685667379192414208,2186
1579,685663452032069632,2978
1580,685641971164143616,2696
1581,685547936038666240,30428
1582,685532292383666176,2814
1583,685325112850124800,8688
1584,685321586178670592,2451
1585,685315239903100929,3035
1586,685307451701334016,1929
1587,685268753634967552,2845
1588,685198997565345792,2143
1589,685169283572338688,3787
1590,684969860808454144,2218
1591,684959798585110529,6300
1592,684940049151070208,2964
1593,684926975086034944,3226
1594,684914660081053696,3226
1595,684902183876321280,1718
1596,684880619965411328,1924
1597,684830982659280897,32398
1598,684800227459624960,2517
1599,684594889858887680,8193
1600,684588130326986752,3815
1601,684567543613382656,2763
1602,684538444857667585,2438
1603,684481074559381504,3572
1604,684460069371654144,1821
1605,684241637099323392,7497
1606,684225744407494656,1149
1607,684222868335505415,3522
1608,684200372118904832,1986
1609,684195085588783105,1763
1610,684188786104872960,3224
1611,684177701129875456,1867
1612,684147889187209216,2745
1613,684122891630342144,1861
1614,684097758874210310,3802
1615,683857920510050305,3528
1616,683852578183077888,1797
1617,683849932751646720,2417
1618,683834909291606017,2417
1619,683828599284170753,2590
1620,683773439333797890,3077
1621,683742671509258241,5984
1622,683515932363329536,6800
1623,683498322573824003,2934
1624,683481228088049664,2451
1625,683462770029932544,2242
1626,683449695444799489,3584
1627,683391852557561860,7056
1628,683357973142474752,2672
1629,683142553609318400,2649
1630,683111407806746624,3148
1631,683098815881154561,2001
1632,683078886620553216,1860
1633,683030066213818368,2001
1634,682962037429899265,33843
1635,682808988178739200,1631
1636,682788441537560576,2286
1637,682750546109968385,1407
1638,682697186228989953,1218
1639,682662431982772225,2820
1640,682638830361513985,1912
1641,682429480204398592,3186
1642,682406705142087680,6974
1643,682393905736888321,2077
1644,682389078323662849,1544
1645,682303737705140231,2826
1646,682259524040966145,3815
1647,682242692827447297,2972
1648,682088079302213632,16819
1649,682059653698686977,4542
1650,682047327939461121,2951
1651,682032003584274432,6070
1652,682003177596559360,2874
1653,681981167097122816,2599
1654,681891461017812993,2274
1655,681694085539872773,11825
1656,681679526984871937,1628
1657,681654059175129088,2427
1658,681610798867845120,1733
1659,681579835668455424,3258
1660,681523177663676416,13192
1661,681340665377193984,1518
1662,681339448655802368,8564
1663,681320187870711809,2414
1664,681302363064414209,3602
1665,681297372102656000,2959
1666,681281657291280384,2965
1667,681261549936340994,1335
1668,681242418453299201,1359
1669,681231109724700672,2243
1670,681193455364796417,3422
1671,680970795137544192,2215
1672,680959110691590145,4225
1673,680940246314430465,2925
1674,680934982542561280,1920
1675,680913438424612864,2211
1676,680889648562991104,1613
1677,680836378243002368,3191
1678,680805554198020098,1982
1679,680801747103793152,2190
1680,680798457301471234,2611
1681,680609293079592961,2414
1682,680583894916304897,3312
1683,680497766108381184,3890
1684,680494726643068929,1575
1685,680473011644985345,2346
1686,680440374763077632,1329
1687,680221482581123072,1363
1688,680206703334408192,2592
1689,680191257256136705,1982
1690,680176173301628928,3566
1691,680161097740095489,2143
1692,680145970311643136,3314
1693,680130881361686529,2117
1694,680115823365742593,2497
1695,680100725817409536,3305
1696,680085611152338944,11762
1697,680070545539371008,2388
1698,679877062409191424,1799
1699,679872969355714560,2013
1700,679862121895714818,2252
1701,679854723806179328,2616
1702,679844490799091713,2186
1703,679828447187857408,33198
1704,679777920601223168,2856
1705,679736210798047232,1914
1706,679729593985699840,1992
1707,679722016581222400,1538
1708,679530280114372609,4373
1709,679527802031484928,2428
1710,679511351870550016,3076
1711,679503373272485890,2919
1712,679475951516934144,1926
1713,679462823135686656,29434
1714,679405845277462528,2166
1715,679158373988876288,19458
1716,679148763231985668,2557
1717,679132435750195208,2711
1718,679111216690831360,5442
1719,679062614270468097,15495
1720,679047485189439488,2057
1721,679001094530465792,2599
1722,678991772295516161,2071
1723,678969228704284672,1497
1724,678800283649069056,2357
1725,678798276842360832,3167
1726,678774928607469569,2575
1727,678767140346941444,3224
1728,678764513869611008,1483
1729,678755239630127104,6493
1730,678740035362037760,3402
1731,678708137298427904,5133
1732,678675843183484930,2607
1733,678643457146150913,1882
1734,678446151570427904,3657
1735,678424312106393600,5005
1736,678410210315247616,3829
1737,678399652199309312,73523
1738,678396796259975168,1459
1739,678389028614488064,1714
1740,678380236862578688,2245
1741,678341075375947776,1576
1742,678334497360859136,1184
1743,678278586130948096,10423
1744,678255464182861824,1453
1745,678023323247357953,1743
1746,678021115718029313,12388
1747,677961670166224897,3145
1748,677918531514703872,1219
1749,677895101218201600,4399
1750,677716515794329600,2784
1751,677700003327029250,3116
1752,677698403548192770,1117
1753,677687604918272002,2264
1754,677673981332312066,3034
1755,677662372920729601,1777
1756,677644091929329666,1711
1757,677573743309385728,1939
1758,677565715327688705,1188
1759,677557565589463040,2223
1760,677547928504967168,6330
1761,677530072887205888,968
1762,677335745548390400,2761
1763,677334615166730240,1228
1764,677331501395156992,987
1765,677328882937298944,3338
1766,677314812125323265,1500
1767,677301033169788928,1114
1768,677269281705472000,1799
1769,677228873407442944,3211
1770,677187300187611136,2485
1771,676975532580409345,2526
1772,676957860086095872,2029
1773,676949632774234114,1188
1774,676948236477857792,1958
1775,676946864479084545,1576
1776,676942428000112642,1878
1777,676936541936185344,11631
1778,676916996760600576,2697
1779,676897532954456065,2051
1780,676864501615042560,1903
1781,676821958043033607,20743
1782,676819651066732545,1656
1783,676811746707918848,1306
1784,676776431406465024,4532
1785,676617503762681856,2614
1786,676613908052996102,986
1787,676606785097199616,1723
1788,676603393314578432,1042
1789,676593408224403456,4140
1790,676590572941893632,837
1791,676588346097852417,2086
1792,676582956622721024,1082
1793,676575501977128964,2334
1794,676533798876651520,1700
1795,676496375194980353,1374
1796,676470639084101634,10598
1797,676440007570247681,1565
1798,676430933382295552,1264
1799,676263575653122048,1894
1800,676237365392908289,1091
1801,676219687039057920,70977
1802,676215927814406144,1573
1803,676191832485810177,2059
1804,676146341966438401,1755
1805,676121918416756736,1966
1806,676101918813499392,2584
1807,676098748976615425,2682
1808,676089483918516224,1183
1809,675898130735476737,1448
1810,675891555769696257,1925
1811,675888385639251968,2118
1812,675878199931371520,3783
1813,675870721063669760,1469
1814,675853064436391936,2427
1815,675849018447167488,866
1816,675845657354215424,2049
1817,675822767435051008,1381
1818,675820929667219457,956
1819,675798442703122432,9323
1820,675781562965868544,1459
1821,675740360753160193,1062
1822,675710890956750848,1695
1823,675707330206547968,1786
1824,675706639471788032,583
1825,675534494439489536,1664
1826,675531475945709568,1069
1827,675522403582218240,942
1828,675517828909424640,1151
1829,675501075957489664,15568
1830,675497103322386432,2824
1831,675489971617296384,1156
1832,675483430902214656,1667
1833,675432746517426176,1361
1834,675372240448454658,1531
1835,675362609739206656,943
1836,675354435921575936,29506
1837,675349384339542016,3536
1838,675334060156301312,2491
1839,675166823650848770,3179
1840,675153376133427200,5605
1841,675149409102012420,3355
1842,675147105808306176,842
1843,675146535592706048,1055
1844,675145476954566656,1918
1845,675135153782571009,1165
1846,675113801096802304,1739
1847,675111688094527488,867
1848,675109292475830276,2522
1849,675047298674663426,929
1850,675015141583413248,2425
1851,675006312288268288,876
1852,675003128568291329,1394
1853,674999807681908736,1995
1854,674805413498527744,765
1855,674800520222154752,2706
1856,674793399141146624,2225
1857,674790488185167872,986
1858,674788554665512960,719
1859,674781762103414784,1807
1860,674774481756377088,990
1861,674767892831932416,1633
1862,674764817387900928,700
1863,674754018082705410,1229
1864,674752233200820224,1312
1865,674743008475090944,1261
1866,674742531037511680,430
1867,674739953134403584,968
1868,674737130913071104,580
1869,674690135443775488,1027
1870,674670581682434048,1449
1871,674664755118911488,812
1872,674646392044941312,1281
1873,674644256330530816,929
1874,674638615994089473,1517
1875,674632714662858753,1346
1876,674606911342424069,840
1877,674468880899788800,5567
1878,674447403907457024,957
1879,674436901579923456,987
1880,674422304705744896,1285
1881,674416750885273600,611
1882,674410619106390016,1071
1883,674394782723014656,1335
1884,674372068062928900,767
1885,674330906434379776,506
1886,674318007229923329,1254
1887,674307341513269249,10159
1888,674291837063053312,13205
1889,674271431610523648,1394
1890,674269164442398721,824
1891,674265582246694913,1463
1892,674262580978937856,1180
1893,674255168825880576,1307
1894,674082852460433408,682
1895,674075285688614912,889
1896,674063288070742018,5736
1897,674053186244734976,2953
1898,674051556661161984,1294
1899,674045139690631169,1267
1900,674042553264685056,636
1901,674038233588723717,980
1902,674036086168010753,761
1903,674024893172875264,1588
1904,674019345211760640,1016
1905,674014384960745472,1389
1906,674008982932058114,1082
1907,673956914389192708,1752
1908,673919437611909120,1057
1909,673906403526995968,2850
1910,673887867907739649,844
1911,673716320723169284,2787
1912,673715861853720576,3170
1913,673711475735838725,941
1914,673709992831262724,754
1915,673708611235921920,954
1916,673707060090052608,990
1917,673705679337693185,1125
1918,673700254269775872,1282
1919,673697980713705472,3519
1920,673689733134946305,1546
1921,673688752737402881,1127
1922,673686845050527744,1277
1923,673680198160809984,1230
1924,673662677122719744,1131
1925,673656262056419329,650
1926,673636718965334016,995
1927,673612854080196609,1426
1928,673583129559498752,1068
1929,673580926094458881,738
1930,673576835670777856,1236
1931,673363615379013632,932
1932,673359818736984064,1288
1933,673355879178194945,1345
1934,673352124999274496,1496
1935,673350198937153538,686
1936,673345638550134785,2235
1937,673343217010679808,861
1938,673342308415348736,1139
1939,673320132811366400,11983
1940,673317986296586240,782
1941,673295268553605120,6736
1942,673270968295534593,960
1943,673240798075449344,1279
1944,673213039743795200,1979
1945,673148804208660480,1493
1946,672997845381865473,1755
1947,672995267319328768,845
1948,672988786805112832,878
1949,672984142909456390,1120
1950,672980819271634944,1630
1951,672975131468300288,1498
1952,672970152493887488,841
1953,672968025906282496,1186
1954,672964561327235073,1262
1955,672902681409806336,1233
1956,672898206762672129,795
1957,672884426393653248,1370
1958,672877615439593473,909
1959,672834301050937345,1158
1960,672828477930868736,1110
1961,672640509974827008,874
1962,672622327801233409,1151
1963,672614745925664768,1091
1964,672609152938721280,971
1965,672604026190569472,973
1966,672594978741354496,1181
1967,672591762242805761,846
1968,672591271085670400,642
1969,672538107540070400,903
1970,672523490734551040,552
1971,672488522314567680,990
1972,672482722825261057,992
1973,672481316919734272,640
1974,672475084225949696,1298
1975,672466075045466113,1191
1976,672272411274932228,5726
1977,672267570918129665,1318
1978,672264251789176834,1012
1979,672256522047614977,2513
1980,672254177670729728,1277
1981,672248013293752320,1531
1982,672245253877968896,607
1983,672239279297454080,806
1984,672231046314901505,1624
1985,672222792075620352,703
1986,672205392827572224,1991
1987,672169685991993344,908
1988,672160042234327040,765
1989,672139350159835138,1547
1990,672125275208069120,2120
1991,672095186491711488,878
1992,672082170312290304,839
1993,672068090318987265,1141
1994,671896809300709376,7626
1995,671891728106971137,1176
1996,671882082306625538,3114
1997,671879137494245376,1248
1998,671874878652489728,1108
1999,671866342182637568,999
2000,671855973984772097,794
2001,671789708968640512,6331
2002,671768281401958400,1050
2003,671763349865160704,1495
2004,671744970634719232,1211
2005,671743150407421952,675
2006,671735591348891648,1287
2007,671729906628341761,7499
2008,671561002136281088,11400
2009,671550332464455680,811
2010,671547767500775424,1206
2011,671544874165002241,1731
2012,671542985629241344,966
2013,671538301157904385,836
2014,671536543010570240,1037
2015,671533943490011136,899
2016,671528761649688577,739
2017,671520732782923777,1222
2018,671518598289059840,831
2019,671511350426865664,1429
2020,671504605491109889,6247
2021,671497587707535361,828
2022,671488513339211776,886
2023,671486386088865792,512
2024,671485057807351808,679
2025,671390180817915904,1281
2026,671362598324076544,980
2027,671357843010908160,351
2028,671355857343524864,421
2029,671347597085433856,835
2030,671186162933985280,642
2031,671182547775299584,980
2032,671166507850801152,783
2033,671163268581498880,1462
2034,671159727754231808,313
2035,671154572044468225,625
2036,671151324042559489,588
2037,671147085991960577,586
2038,671141549288370177,1024
2039,671138694582165504,823
2040,671134062904504320,655
2041,671122204919246848,3089
2042,671115716440031232,1216
2043,671109016219725825,1005
2044,670995969505435648,970
2045,670842764863651840,22089
2046,670840546554966016,524
2047,670838202509447168,984
2048,670833812859932673,382
2049,670832455012716544,647
2050,670826280409919488,4875
2051,670823764196741120,677
2052,670822709593571328,545
2053,670815497391357952,2789
2054,670811965569282048,984
2055,670807719151067136,1051
2056,670804601705242624,1743
2057,670803562457407488,304
2058,670797304698376195,661
2059,670792680469889025,734
2060,670789397210615808,585
2061,670786190031921152,530
2062,670783437142401025,726
2063,670782429121134593,1350
2064,670780561024270336,703
2065,670778058496974848,298
2066,670764103623966721,958
2067,670755717859713024,393
2068,670733412878163972,851
2069,670727704916926465,737
2070,670717338665226240,1053
2071,670704688707301377,687
2072,670691627984359425,521
2073,670679630144274432,666
2074,670676092097810432,215
2075,670668383499735048,9468
2076,670474236058800128,1341
2077,670468609693655041,317
2078,670465786746662913,855
2079,670452855871037440,489
2080,670449342516494336,1076
2081,670444955656130560,6064
2082,670442337873600512,581
2083,670435821946826752,940
2084,670434127938719744,1256
2085,670433248821026816,296
2086,670428280563085312,1234
2087,670427002554466305,465
2088,670421925039075328,1149
2089,670420569653809152,540
2090,670417414769758208,501
2091,670411370698022913,1797
2092,670408998013820928,486
2093,670403879788544000,378
2094,670385711116361728,494
2095,670374371102445568,670
2096,670361874861563904,289
2097,670338931251150849,374
2098,670319130621435904,3470
2099,670303360680108032,383
2100,670290420111441920,623
2101,670093938074779648,911
2102,670086499208155136,622
2103,670079681849372674,1956
2104,670073503555706880,1386
2105,670069087419133954,554
2106,670061506722140161,669
2107,670055038660800512,592
2108,670046952931721218,575
2109,670040295598354432,659
2110,670037189829525505,527
2111,670003130994700288,296
2112,669993076832759809,288
2113,669972011175813120,395
2114,669970042633789440,272
2115,669942763794931712,444
2116,669926384437997569,339
2117,669923323644657664,202
2118,669753178989142016,709
2119,669749430875258880,229
2120,669684865554620416,448
2121,669683899023405056,339
2122,669682095984410625,312
2123,669680153564442624,588
2124,669661792646373376,715
2125,669625907762618368,3128
2126,669603084620980224,846
2127,669597912108789760,447
2128,669583744538451968,1322
2129,669573570759163904,388
2130,669571471778410496,1408
2131,669567591774625800,202
2132,669564461267722241,337
2133,669393256313184256,313
2134,669375718304980992,1179
2135,669371483794317312,438
2136,669367896104181761,406
2137,669363888236994561,558
2138,669359674819481600,332
2139,669354382627049472,2394
2140,669353438988365824,566
2141,669351434509529089,381
2142,669328503091937280,908
2143,669327207240699904,497
2144,669324657376567296,439
2145,669216679721873412,1058
2146,669214165781868544,385
2147,669203728096960512,890
2148,669037058363662336,573
2149,669015743032369152,650
2150,669006782128353280,509
2151,669000397445533696,18703
2152,668994913074286592,391
2153,668992363537309700,659
2154,668989615043424256,595
2155,668988183816871936,800
2156,668986018524233728,479
2157,668981893510119424,483
2158,668979806671884288,705
2159,668975677807423489,1158
2160,668967877119254528,127
2161,668960084974809088,620
2162,668955713004314625,241
2163,668932921458302977,227
2164,668902994700836864,276
2165,668892474547511297,354
2166,668872652652679168,477
2167,668852170888998912,409
2168,668826086256599040,384
2169,668815180734689280,494
2170,668779399630725120,628
2171,668655139528511488,474
2172,668645506898350081,774
2173,668643542311546881,788
2174,668641109086707712,944
2175,668636665813057536,922
2176,668633411083464705,2469
2177,668631377374486528,618
2178,668627278264475648,281
2179,668625577880875008,330
2180,668623201287675904,1247
2181,668620235289837568,181
2182,668614819948453888,545
2183,668587383441514497,1478
2184,668567822092664832,206
2185,668544745690562560,453
2186,668542336805281792,403
2187,668537837512433665,227
2188,668528771708952576,404
2189,668507509523615744,279
2190,668496999348633600,359
2191,668484198282485761,372
2192,668480044826800133,397
2193,668466899341221888,769
2194,668297328638447616,556
2195,668291999406125056,213
2196,668286279830867968,436
2197,668274247790391296,721
2198,668268907921326080,485
2199,668256321989451776,1153
2200,668248472370458624,842
2201,668237644992782336,5453
2202,668226093875376128,247
2203,668221241640230912,452
2204,668204964695683073,489
2205,668190681446379520,577
2206,668171859951755264,425
2207,668154635664932864,440
2208,668142349051129856,510
2209,668113020489474048,585
2210,667937095915278337,1116
2211,667924896115245057,264
2212,667915453470232577,184
2213,667911425562669056,431
2214,667902449697558528,759
2215,667886921285246976,1648
2216,667885044254572545,730
2217,667878741721415682,349
2218,667873844930215936,553
2219,667866724293877760,2717
2220,667861340749471744,221
2221,667832474953625600,255
2222,667806454573760512,931
2223,667801013445750784,283
2224,667793409583771648,609
2225,667782464991965184,363
2226,667773195014021121,204
2227,667766675769573376,373
2228,667728196545200128,325
2229,667724302356258817,424
2230,667550904950915073,0
2231,667550882905632768,0
2232,667549055577362432,5109
2233,667546741521195010,303
2234,667544320556335104,761
2235,667538891197542400,176
2236,667534815156183040,718
2237,667530908589760512,412
2238,667524857454854144,1507
2239,667517642048163840,332
2240,667509364010450944,6065
2241,667502640335572993,484
2242,667495797102141441,457
2243,667491009379606528,459
2244,667470559035432960,225
2245,667455448082227200,171
2246,667453023279554560,279
2247,667443425659232256,682
2248,667437278097252352,396
2249,667435689202614272,266
2250,667405339315146752,411
2251,667393430834667520,168
2252,667369227918143488,328
2253,667211855547486208,425
2254,667200525029539841,544
2255,667192066997374976,331
2256,667188689915760640,642
2257,667182792070062081,12546
2258,667177989038297088,166
2259,667176164155375616,527
2260,667174963120574464,218
2261,667171260800061440,186
2262,667165590075940865,2380
2263,667160273090932737,219
2264,667152164079423490,42297
2265,667138269671505920,4013
2266,667119796878725120,286
2267,667090893657276420,287
2268,667073648344346624,351
2269,667070482143944705,72
2270,667065535570550784,143
2271,667062181243039745,192
2272,667044094246576128,163
2273,667012601033924608,394
2274,666996132027977728,214
2275,666983947667116034,2250
2276,666837028449972224,703
2277,666835007768551424,185
2278,666826780179869698,220
2279,666817836334096384,444
2280,666804364988780544,206
2281,666786068205871104,658
2282,666781792255496192,326
2283,666776908487630848,305
2284,666739327293083650,209
2285,666701168228331520,371
2286,666691418707132416,161
2287,666649482315059201,993
2288,666644823164719104,208
2289,666454714377183233,448
2290,666447344410484738,90
2291,666437273139982337,106
2292,666435652385423360,138
2293,666430724426358785,278
2294,666428276349472768,139
2295,666421158376562688,272
2296,666418789513326592,107
2297,666411507551481857,371
2298,666407126856765440,93
2299,666396247373291520,147
2300,666373753744588802,163
2301,666362758909284353,648
2302,666353288456101888,179
2303,666345417576210432,244
2304,666337882303524864,168
2305,666293911632134144,426
2306,666287406224695296,123
2307,666273097616637952,152
2308,666268910803644416,100
2309,666104133288665088,12896
2310,666102155909144576,66
2311,666099513787052032,134
2312,666094000022159362,143
2313,666082916733198337,93
2314,666073100786774016,274
2315,666071193221509120,127
2316,666063827256086533,399
2317,666058600524156928,99
2318,666057090499244032,247
2319,666055525042405380,367
2320,666051853826850816,1027
2321,666050758794694657,115
2322,666049248165822465,89
2323,666044226329800704,247
2324,666033412701032449,100
2325,666029285002620928,112
2326,666020888022790149,2293
