,tweet_id,location
0,892420643555336193,
1,892177421306343426,
2,891815181378084864,
3,891689557279858688,
4,891327558926688256,
5,891087950875897856,
6,890971913173991426,
7,890729181411237888,
8,890609185150312448,
9,890240255349198849,
10,890006608113172480,
11,889880896479866881,
12,889665388333682689,
13,889638837579907072,
14,889531135344209921,
15,889278841981685760,
16,888917238123831296,
17,888804989199671297,
18,888554962724278272,
19,888078434458587136,
20,887705289381826560,
21,887517139158093824,
22,887473957103951883,
23,887343217045368832,
24,887101392804085760,
25,886983233522544640,
26,886736880519319552,
27,886680336477933568,
28,886366144734445568,
29,886267009285017600,
30,886258384151887873,
31,886054160059072513,
32,885984800019947520,
33,885528943205470208,
34,885518971528720385,
35,885311592912609280,
36,885167619883638784,
37,884925521741709313,
38,884876753390489601,
39,884562892145688576,
40,884441805382717440,
41,884247878851493888,
42,884162670584377345,
43,883838122936631299,
44,883482846933004288,
45,883360690899218434,
46,883117836046086144,
47,882992080364220416,
48,882762694511734784,
49,882627270321602560,
50,882268110199369728,
51,882045870035918850,
52,881906580714921986,
53,881666595344535552,
54,881633300179243008,
55,881536004380872706,
56,881268444196462592,
57,880935762899988482,
58,880872448815771648,
59,880465832366813184,
60,880221127280381952,
61,880095782870896641,
62,879862464715927552,
63,879674319642796034,
64,879492040517615616,
65,879415818425184262,
66,879376492567855104,
67,879130579576475649,
68,879050749262655488,
69,879008229531029506,
70,878776093423087618,
71,878604707211726852,
72,878404777348136964,
73,878316110768087041,
74,878281511006478336,
75,878057613040115712,
76,877736472329191424,
77,877611172832227328,
78,877556246731214848,
79,877316821321428993,
80,877201837425926144,
81,876838120628539392,
82,876537666061221889,
83,876484053909872640,
84,876120275196170240,
85,875747767867523072,
86,875144289856114688,
87,875097192612077568,
88,875021211251597312,
89,874680097055178752,
90,874434818259525634,
91,874296783580663808,
92,874057562936811520,
93,874012996292530176,
94,873580283840344065,
95,873337748698140672,
96,873213775632977920,
97,872967104147763200,
98,872820683541237760,
99,872620804844003328,
100,872486979161796608,
101,872122724285648897,
102,871879754684805121,
103,871762521631449091,
104,871515927908634625,
105,871166179821445120,
106,871102520638267392,
107,871032628920680449,
108,870804317367881728,
109,870726314365509632,
110,870656317836468226,
111,870374049280663552,
112,870308999962521604,
113,870063196459192321,
114,869772420881756160,
115,869702957897576449,
116,869596645499047938,
117,869227993411051520,
118,868880397819494401,
119,868639477480148993,
120,868622495443632128,
121,868552278524837888,
122,867900495410671616,
123,867774946302451713,
124,867421006826221569,
125,867072653475098625,
126,867051520902168576,
127,866720684873056260,
128,866686824827068416,
129,866450705531457537,
130,866334964761202691,
131,866094527597207552,
132,865718153858494464,
133,865359393868664832,
134,865006731092295680,
135,864873206498414592,
136,864279568663928832,
137,864197398364647424,
138,863907417377173506,
139,863553081350529029,
140,863471782782697472,
141,863432100342583297,
142,863427515083354112,
143,863079547188785154,
144,863062471531167744,
145,862831371563274240,
146,862722525377298433,
147,862457590147678208,
148,862096992088072192,
149,861383897657036800,
150,861288531465048066,
151,861005113778896900,
152,860981674716409858,
153,860924035999428608,
154,860563773140209665,
155,860524505164394496,
156,860276583193509888,
157,860184849394610176,
158,860177593139703809,
159,859924526012018688,
160,859851578198683649,
161,859607811541651456,
162,859196978902773760,
163,859074603037188101,
164,858860390427611136,
165,858843525470990336,
166,858471635011153920,
167,858107933456039936,
168,857989990357356544,
169,857746408056729600,
170,857393404942143489,
171,857263160327368704,
172,857214891891077121,
173,857062103051644929,
174,857029823797047296,
175,856543823941562368,
176,856526610513747968,
177,856288084350160898,
178,856282028240666624,
179,855862651834028034,
180,855860136149123072,
181,855857698524602368,
182,855851453814013952,
183,855818117272018944,
184,855459453768019968,
185,855245323840757760,
186,855138241867124737,
187,854732716440526848,
188,854482394044301312,
189,854365224396361728,
190,854120357044912130,
191,854010172552949760,
192,853760880890318849,
193,853639147608842240,
194,853299958564483072,
195,852936405516943360,
196,852912242202992640,
197,852672615818899456,
198,852553447878664193,
199,852311364735569921,
200,852226086759018497,
201,852189679701164033,
202,851591660324737024,
203,851464819735769094,
204,851224888060895234,
205,850753642995093505,
206,850380195714523136,
207,850333567704068097,
208,850145622816686080,
209,850019790995546112,
210,849776966551130114,
211,849668094696017920,
212,849412302885593088,
213,849336543269576704,
214,849051919805034497,
215,848690551926992896,
216,848324959059550208,
217,848213670039564288,
218,848212111729840128,
219,847978865427394560,
220,847971574464610304,
221,847962785489326080,
222,847842811428974592,
223,847617282490613760,
224,847606175596138505,
225,847251039262605312,
226,847157206088847362,
227,847116187444137987,
228,846874817362120707,
229,846514051647705089,
230,846505985330044928,
231,846153765933735936,
232,846139713627017216,
233,846042936437604353,
234,845812042753855489,
235,845677943972139009,
236,845397057150107648,
237,845306882940190720,
238,845098359547420673,
239,844979544864018432,
240,844973813909606400,
241,844580511645339650,
242,844223788422217728,
243,843981021012017153,
244,843856843873095681,
245,843604394117681152,
246,843235543001513987,
247,842846295480000512,
248,842765311967449089,
249,842535590457499648,
250,842163532590374912,
251,842115215311396866,
252,841833993020538882,
253,841680585030541313,
254,841439858740625411,
255,841320156043304961,
256,841314665196081154,
257,841077006473256960,
258,840761248237133825,
259,840728873075638272,
260,840698636975636481,
261,840696689258311684,
262,840632337062862849,
263,840370681858686976,
264,840268004936019968,
265,839990271299457024,
266,839549326359670784,
267,839290600511926273,
268,839239871831150596,
269,838952994649550848,
270,838921590096166913,
271,838916489579200512,
272,838831947270979586,
273,838561493054533637,
274,838476387338051585,
275,838201503651401729,
276,838150277551247360,
277,838085839343206401,
278,838083903487373313,
279,837820167694528512,
280,837482249356513284,
281,837471256429613056,
282,837110210464448512,
283,836989968035819520,
284,836753516572119041,
285,836677758902222849,
286,836648853927522308,
287,836397794269200385,
288,836380477523124226,
289,836260088725786625,
290,836001077879255040,
291,835685285446955009,
292,835574547218894849,
293,835536468978302976,
294,835309094223372289,
295,835297930240217089,
296,835264098648616962,
297,835246439529840640,
298,835172783151792128,
299,835152434251116546,
300,834931633769889797,
301,834786237630337024,
302,834574053763584002,
303,834477809192075265,
304,834458053273591808,
305,834209720923721728,
306,834167344700198914,
307,834089966724603904,
308,834086379323871233,
309,833863086058651648,
310,833826103416520705,
311,833732339549220864,
312,833722901757046785,
313,833479644947025920,
314,833124694597443584,
315,832998151111966721,
316,832769181346996225,
317,832757312314028032,
318,832682457690300417,
319,832645525019123713,
320,832636094638288896,
321,832397543355072512,
322,832369877331693569,
323,832273440279240704,
324,832215909146226688,
325,832215726631055365,
326,832088576586297345,
327,832040443403784192,
328,832032802820481025,
329,831939777352105988,
330,831926988323639298,
331,831911600680497154,
332,831670449226514432,
333,831650051525054464,
334,831552930092285952,
335,831322785565769729,
336,831315979191906304,
337,831309418084069378,
338,831262627380748289,
339,830956169170665475,
340,830583320585068544,
341,830173239259324417,
342,830097400375152640,
343,829878982036299777,
344,829861396166877184,
345,829501995190984704,
346,829449946868879360,
347,829141528400556032,
348,829011960981237760,
349,828801551087042563,
350,828770345708580865,
351,828708714936930305,
352,828650029636317184,
353,828409743546925057,
354,828408677031882754,
355,828381636999917570,
356,828376505180889089,
357,828372645993398273,
358,828361771580813312,
359,828046555563323392,
360,828011680017821696,
361,827933404142436356,
362,827653905312006145,
363,827600520311402496,
364,827324948884643840,
365,827199976799354881,
366,826958653328592898,
367,826848821049180160,
368,826615380357632002,
369,826598799820865537,
370,826598365270007810,
371,826476773533745153,
372,826240494070030336,
373,826204788643753985,
374,826115272272650244,
375,825876512159186944,
376,825829644528148480,
377,825535076884762624,
378,825147591692263424,
379,825120256414846976,
380,825026590719483904,
381,824796380199809024,
382,824775126675836928,
383,824663926340194305,
384,824325613288833024,
385,824297048279236611,
386,824025158776213504,
387,823939628516474880,
388,823719002937630720,
389,823699002998870016,
390,823581115634085888,
391,823333489516937216,
392,823322678127919110,
393,823269594223824897,
394,822975315408461824,
395,822872901745569793,
396,822859134160621569,
397,822647212903690241,
398,822610361945911296,
399,822489057087389700,
400,822462944365645825,
401,822244816520155136,
402,822163064745328640,
403,821886076407029760,
404,821813639212650496,
405,821765923262631936,
406,821522889702862852,
407,821421320206483457,
408,821407182352777218,
409,821153421864615936,
410,821149554670182400,
411,821107785811234820,
412,821044531881721856,
413,820837357901512704,
414,820749716845686786,
415,820690176645140481,
416,820494788566847489,
417,820446719150292993,
418,820314633777061888,
419,820078625395449857,
420,820013781606658049,
421,819952236453363712,
422,819924195358416896,
423,819711362133872643,
424,819588359383371776,
425,819347104292290561,
426,819238181065359361,
427,819227688460238848,
428,819015337530290176,
429,819015331746349057,
430,819006400881917954,
431,819004803107983360,
432,818646164899774465,
433,818627210458333184,
434,818614493328580609,
435,818588835076603904,
436,818536468981415936,
437,818307523543449600,
438,818259473185828864,
439,818145370475810820,
440,817908911860748288,
441,817827839487737858,
442,817777686764523521,
443,817536400337801217,
444,817502432452313088,
445,817423860136083457,
446,817415592588222464,
447,817181837579653120,
448,817171292965273600,
449,817120970343411712,
450,817056546584727552,
451,816829038950027264,
452,816816676327063552,
453,816697700272001025,
454,816450570814898180,
455,816336735214911488,
456,816091915477250048,
457,816062466425819140,
458,816014286006976512,
459,815990720817401858,
460,815966073409433600,
461,815745968457060357,
462,815736392542261248,
463,815639385530101762,
464,815390420867969024,
465,814986499976527872,
466,814638523311648768,
467,814578408554463233,
468,814530161257443328,
469,814153002265309185,
470,813944609378369540,
471,813910438903693312,
472,813812741911748608,
473,813800681631023104,
474,813217897535406080,
475,813202720496779264,
476,813187593374461952,
477,813172488309972993,
478,813157409116065792,
479,813142292504645637,
480,813130366689148928,
481,813127251579564032,
482,813112105746448384,
483,813096984823349248,
484,813081950185472002,
485,813066809284972545,
486,813051746834595840,
487,812781120811126785,
488,812709060537683968,
489,812503143955202048,
490,812466873996607488,
491,812372279581671427,
492,811985624773361665,
493,811744202451197953,
494,811647686436880384,
495,811627233043480576,
496,811386762094317568,
497,810984652412424192,
498,810896069567610880,
499,810657578271330305,
500,810284430598270976,
501,810254108431155201,
502,809920764300447744,
503,809808892968534016,
504,809448704142938112,
505,809220051211603969,
506,809084759137812480,
507,808838249661788160,
508,808733504066486276,
509,808501579447930884,
510,808344865868283904,
511,808134635716833280,
512,808106460588765185,
513,808001312164028416,
514,807621403335917568,
515,807106840509214720,
516,807059379405148160,
517,807010152071229440,
518,806629075125202948,
519,806620845233815552,
520,806576416489959424,
521,806542213899489280,
522,806242860592926720,
523,806219024703037440,
524,805958939288408065,
525,805932879469572096,
526,805826884734976000,
527,805823200554876929,
528,805520635690676224,
529,805487436403003392,
530,805207613751304193,
531,804738756058218496,
532,804475857670639616,
533,804413760345620481,
534,804026241225523202,
535,803773340896923648,
536,803692223237865472,
537,803638050916102144,
538,803380650405482500,
539,803321560782307329,
540,803276597545603072,
541,802952499103731712,
542,802624713319034886,
543,802600418706604034,
544,802572683846291456,
545,802323869084381190,
546,802265048156610565,
547,802239329049477120,
548,802185808107208704,
549,801958328846974976,
550,801854953262350336,
551,801538201127157760,
552,801285448605831168,
553,801167903437357056,
554,801127390143516673,
555,801115127852503040,
556,800859414831898624,
557,800855607700029440,
558,800751577355128832,
559,800513324630806528,
560,800459316964663297,
561,800443802682937345,
562,800388270626521089,
563,800188575492947969,
564,800141422401830912,
565,800018252395122689,
566,799774291445383169,
567,799757965289017345,
568,799422933579902976,
569,799308762079035393,
570,799297110730567681,
571,799063482566066176,
572,798933969379225600,
573,798925684722855936,
574,798705661114773508,
575,798701998996647937,
576,798697898615730177,
577,798694562394996736,
578,798686750113755136,
579,798682547630837760,
580,798673117451325440,
581,798665375516884993,
582,798644042770751489,
583,798628517273620480,
584,798585098161549313,
585,798576900688019456,
586,798340744599797760,
587,798209839306514432,
588,797971864723324932,
589,797545162159308800,
590,797236660651966464,
591,797165961484890113,
592,796904159865868288,
593,796865951799083009,
594,796759840936919040,
595,796563435802726400,
596,796484825502875648,
597,796387464403357696,
598,796177847564038144,
599,796149749086875649,
600,796125600683540480,
601,796116448414461957,
602,796080075804475393,
603,796031486298386433,
604,795464331001561088,
605,795400264262053889,
606,795076730285391872,
607,794983741416415232,
608,794926597468000259,
609,794355576146903043,
610,794332329137291264,
611,794205286408003585,
612,793962221541933056,
613,793845145112371200,
614,793614319594401792,
615,793601777308463104,
616,793500921481273345,
617,793286476301799424,
618,793271401113350145,
619,793256262322548741,
620,793241302385262592,
621,793226087023144960,
622,793210959003287553,
623,793195938047070209,
624,793180763617361921,
625,793165685325201412,
626,793150605191548928,
627,793135492858580992,
628,793120401413079041,
629,792913359805018113,
630,792883833364439040,
631,792773781206999040,
632,792394556390137856,
633,792050063153438720,
634,791821351946420224,
635,791784077045166082,
636,791780927877898241,
637,791774931465953280,
638,791672322847637504,
639,791406955684368384,
640,791312159183634433,
641,791026214425268224,
642,790987426131050500,
643,790946055508652032,
644,790723298204217344,
645,790698755171364864,
646,790581949425475584,
647,790337589677002753,
648,790277117346975746,
649,790227638568808452,
650,789986466051088384,
651,789960241177853952,
652,789903600034189313,
653,789628658055020548,
654,789599242079838210,
655,789530877013393408,
656,789314372632018944,
657,789280767834746880,
658,789268448748703744,
659,789137962068021249,
660,788908386943430656,
661,788765914992902144,
662,788552643979468800,
663,788412144018661376,
664,788178268662984705,
665,788150585577050112,
666,788070120937619456,
667,788039637453406209,
668,787810552592695296,
669,787717603741622272,
670,787397959788929025,
671,787322443945877504,
672,787111942498508800,
673,786963064373534720,
674,786729988674449408,
675,786709082849828864,
676,786664955043049472,
677,786595970293370880,
678,786363235746385920,
679,786286427768250368,
680,786233965241827333,
681,786051337297522688,
682,786036967502913536,
683,785927819176054784,
684,785872687017132033,
685,785639753186217984,
686,785533386513321988,
687,785515384317313025,
688,785264754247995392,
689,785170936622350336,
690,784826020293709826,
691,784517518371221505,
692,784431430411685888,
693,784183165795655680,
694,784057939640352768,
695,783839966405230592,
696,783821107061198850,
697,783695101801398276,
698,783466772167098368,
699,783391753726550016,
700,783347506784731136,
701,783334639985389568,
702,783085703974514689,
703,782969140009107456,
704,782747134529531904,
705,782722598790725632,
706,782598640137187329,
707,782305867769217024,
708,782021823840026624,
709,781955203444699136,
710,781661882474196992,
711,781655249211752448,
712,781524693396357120,
713,781308096455073793,
714,781251288990355457,
715,781163403222056960,
716,780931614150983680,
717,780858289093574656,
718,780800785462489090,
719,780601303617732608,
720,780543529827336192,
721,780496263422808064,
722,780476555013349377,
723,780459368902959104,
724,780192070812196864,
725,780092040432480260,
726,780074436359819264,
727,779834332596887552,
728,779377524342161408,
729,779124354206535695,
730,779056095788752897,
731,778990705243029504,
732,778774459159379968,
733,778764940568104960,
734,778748913645780993,
735,778650543019483137,
736,778624900596654080,
737,778408200802557953,
738,778396591732486144,
739,778383385161035776,
740,778286810187399168,
741,778039087836069888,
742,778027034220126208,
743,777953400541634568,
744,777885040357281792,
745,777684233540206592,
746,777641927919427584,
747,777621514455814149,
748,777189768882946048,
749,776819012571455488,
750,776813020089548800,
751,776477788987613185,
752,776249906839351296,
753,776218204058357768,
754,776201521193218049,
755,776113305656188928,
756,776088319444877312,
757,775898661951791106,
758,775842724423557120,
759,775733305207554048,
760,775729183532220416,
761,775364825476165632,
762,775350846108426240,
763,775085132600442880,
764,774757898236878852,
765,774639387460112384,
766,774314403806253056,
767,773985732834758656,
768,773922284943896577,
769,773704687002451968,
770,773670353721753600,
771,773547596996571136,
772,773336787167145985,
773,773308824254029826,
774,773247561583001600,
775,773191612633579521,
776,772877495989305348,
777,772826264096874500,
778,772615324260794368,
779,772581559778025472,
780,772193107915964416,
781,772152991789019136,
782,772117678702071809,
783,772114945936949249,
784,772102971039580160,
785,771908950375665664,
786,771770456517009408,
787,771500966810099713,
788,771380798096281600,
789,771171053431250945,
790,771136648247640064,
791,771102124360998913,
792,771014301343748096,
793,770787852854652928,
794,770772759874076672,
795,770655142660169732,
796,770414278348247044,
797,770293558247038976,
798,770093767776997377,
799,770069151037685760,
800,769940425801170949,
801,769695466921623552,
802,769335591808995329,
803,769212283578875904,
804,768970937022709760,
805,768909767477751808,
806,768855141948723200,
807,768609597686943744,
808,768596291618299904,
809,768554158521745409,
810,768473857036525572,
811,768193404517830656,
812,767884188863397888,
813,767754930266464257,
814,767500508068192258,
815,767191397493538821,
816,767122157629476866,
817,766793450729734144,
818,766714921925144576,
819,766693177336135680,
820,766423258543644672,
821,766313316352462849,
822,766078092750233600,
823,766069199026450432,
824,766008592277377025,
825,765719909049503744,
826,765669560888528897,
827,765395769549590528,
828,765371061932261376,
829,765222098633691136,
830,764857477905154048,
831,764259802650378240,
832,763956972077010945,
833,763837565564780549,
834,763183847194451968,
835,763167063695355904,
836,763103485927849985,
837,762699858130116608,
838,762471784394268675,
839,762464539388485633,
840,762316489655476224,
841,762035686371364864,
842,761976711479193600,
843,761750502866649088,
844,761745352076779520,
845,761672994376806400,
846,761599872357261312,
847,761371037149827077,
848,761334018830917632,
849,761292947749015552,
850,761227390836215808,
851,761004547850530816,
852,760893934457552897,
853,760656994973933572,
854,760641137271070720,
855,760539183865880579,
856,760521673607086080,
857,760290219849637889,
858,760252756032651264,
859,760190180481531904,
860,760153949710192640,
861,759943073749200896,
862,759846353224826880,
863,759793422261743616,
864,759557299618865152,
865,759447681597108224,
866,759446261539934208,
867,759197388317847553,
868,759159934323924993,
869,759099523532779520,
870,759047813560868866,
871,758854675097526272,
872,758828659922702336,
873,758740312047005698,
874,758474966123810816,
875,758467244762497024,
876,758405701903519748,
877,758355060040593408,
878,758099635764359168,
879,758041019896193024,
880,757741869644341248,
881,757729163776290825,
882,757725642876129280,
883,757611664640446465,
884,757597904299253760,
885,757596066325864448,
886,757400162377592832,
887,757393109802180609,
888,757354760399941633,
889,756998049151549440,
890,756939218950160384,
891,756651752796094464,
892,756526248105566208,
893,756303284449767430,
894,756288534030475264,
895,756275833623502848,
896,755955933503782912,
897,755206590534418437,
898,755110668769038337,
899,754874841593970688,
900,754856583969079297,
901,754747087846248448,
902,754482103782404096,
903,754449512966619136,
904,754120377874386944,
905,753655901052166144,
906,753420520834629632,
907,753398408988139520,
908,753375668877008896,
909,753298634498793472,
910,753294487569522689,
911,753039830821511168,
912,753026973505581056,
913,752932432744185856,
914,752917284578922496,
915,752701944171524096,
916,752682090207055872,
917,752660715232722944,
918,752568224206688256,
919,752519690950500352,
920,752334515931054080,
921,752309394570878976,
922,752173152931807232,
923,751950017322246144,
924,751937170840121344,
925,751830394383790080,
926,751793661361422336,
927,751598357617971201,
928,751583847268179968,
929,751538714308972544,
930,751456908746354688,
931,751251247299190784,
932,751205363882532864,
933,751132876104687617,
934,750868782890057730,
935,750719632563142656,
936,750506206503038976,
937,750429297815552001,
938,750383411068534784,
939,750381685133418496,
940,750147208377409536,
941,750132105863102464,
942,750117059602808832,
943,750101899009982464,
944,750086836815486976,
945,750071704093859840,
946,750056684286914561,
947,750041628174217216,
948,750026558547456000,
949,750011400160841729,
950,749996283729883136,
951,749981277374128128,
952,749774190421639168,
953,749417653287129088,
954,749403093750648834,
955,749395845976588288,
956,749317047558017024,
957,749075273010798592,
958,749064354620928000,
959,749036806121881602,
960,748977405889503236,
961,748932637671223296,
962,748705597323898880,
963,748699167502000129,
964,748692773788876800,
965,748575535303884801,
966,748568946752774144,
967,748346686624440324,
968,748337862848962560,
969,748324050481647620,
970,748307329658011649,
971,748220828303695873,
972,747963614829678593,
973,747933425676525569,
974,747885874273214464,
975,747844099428986880,
976,747816857231626240,
977,747651430853525504,
978,747648653817413632,
979,747600769478692864,
980,747594051852075008,
981,747512671126323200,
982,747461612269887489,
983,747439450712596480,
984,747242308580548608,
985,747219827526344708,
986,747204161125646336,
987,747103485104099331,
988,746906459439529985,
989,746872823977771008,
990,746818907684614144,
991,746790600704425984,
992,746757706116112384,
993,746726898085036033,
994,746542875601690625,
995,746521445350707200,
996,746507379341139972,
997,746369468511756288,
998,746131877086527488,
999,746056683365994496,
1000,745789745784041472,
1001,745712589599014916,
1002,745433870967832576,
1003,745422732645535745,
1004,745314880350101504,
1005,745074613265149952,
1006,745057283344719872,
1007,744995568523612160,
1008,744971049620602880,
1009,744709971296780288,
1010,744334592493166593,
1011,744234799360020481,
1012,744223424764059648,
1013,743980027717509120,
1014,743895849529389061,
1015,743835915802583040,
1016,743609206067040256,
1017,743595368194129920,
1018,743545585370791937,
1019,743510151680958465,
1020,743253157753532416,
1021,743222593470234624,
1022,743210557239623680,
1023,742534281772302336,
1024,742528092657332225,
1025,742465774154047488,
1026,742423170473463808,
1027,742385895052087300,
1028,742161199639494656,
1029,742150209887731712,
1030,741793263812808706,
1031,741743634094141440,
1032,741438259667034112,
1033,741303864243200000,
1034,741099773336379392,
1035,741067306818797568,
1036,740995100998766593,
1037,740711788199743490,
1038,740699697422163968,
1039,740676976021798912,
1040,740373189193256964,
1041,740365076218183684,
1042,740359016048689152,
1043,740214038584557568,
1044,739979191639244800,
1045,739932936087216128,
1046,739844404073074688,
1047,739623569819336705,
1048,739606147276148736,
1049,739544079319588864,
1050,739485634323156992,
1051,739238157791694849,
1052,738891149612572673,
1053,738885046782832640,
1054,738883359779196928,
1055,738537504001953792,
1056,738402415918125056,
1057,738184450748633089,
1058,738166403467907072,
1059,738156290900254721,
1060,737826014890496000,
1061,737800304142471168,
1062,737678689543020544,
1063,737445876994609152,
1064,737322739594330112,
1065,737310737551491075,
1066,736736130620620800,
1067,736392552031657984,
1068,736365877722001409,
1069,736225175608430592,
1070,736010884653420544,
1071,735991953473572864,
1072,735648611367784448,
1073,735635087207878657,
1074,735274964362878976,
1075,735256018284875776,
1076,735137028879360001,
1077,734912297295085568,
1078,734787690684657664,
1079,734776360183431168,
1080,734559631394082816,
1081,733828123016450049,
1082,733822306246479872,
1083,733482008106668032,
1084,733460102733135873,
1085,733109485275860992,
1086,732732193018155009,
1087,732726085725589504,
1088,732585889486888962,
1089,732375214819057664,
1090,732005617171337216,
1091,731285275100512256,
1092,731156023742988288,
1093,730924654643314689,
1094,730573383004487680,
1095,730427201120833536,
1096,730211855403241472,
1097,730196704625098752,
1098,729854734790754305,
1099,729838605770891264,
1100,729823566028484608,
1101,729463711119904772,
1102,729113531270991872,
1103,728986383096946689,
1104,728760639972315136,
1105,728751179681943552,
1106,728653952833728512,
1107,728409960103686147,
1108,728387165835677696,
1109,728046963732717569,
1110,728035342121635841,
1111,728015554473250816,
1112,727685679342333952,
1113,727644517743104000,
1114,727524757080539137,
1115,727314416056803329,
1116,727286334147182592,
1117,727175381690781696,
1118,727155742655025152,
1119,726935089318363137,
1120,726887082820554753,
1121,726828223124897792,
1122,726224900189511680,
1123,725842289046749185,
1124,725786712245440512,
1125,725729321944506368,
1126,725458796924002305,
1127,724983749226668032,
1128,724771698126512129,
1129,724405726123311104,
1130,724049859469295616,
1131,724046343203856385,
1132,724004602748780546,
1133,723912936180330496,
1134,723688335806480385,
1135,723673163800948736,
1136,723179728551723008,
1137,722974582966214656,
1138,722613351520608256,
1139,721503162398597120,
1140,721001180231503872,
1141,720785406564900865,
1142,720775346191278080,
1143,720415127506415616,
1144,720389942216527872,
1145,720340705894408192,
1146,720059472081784833,
1147,720043174954147842,
1148,719991154352222208,
1149,719704490224398336,
1150,719551379208073216,
1151,719367763014393856,
1152,719339463458033665,
1153,719332531645071360,
1154,718971898235854848,
1155,718939241951195136,
1156,718631497683582976,
1157,718613305783398402,
1158,718540630683709445,
1159,718460005985447936,
1160,718454725339934721,
1161,718246886998687744,
1162,718234618122661888,
1163,717841801130979328,
1164,717790033953034240,
1165,717537687239008257,
1166,717428917016076293,
1167,717421804990701568,
1168,717047459982213120,
1169,717009362452090881,
1170,716802964044845056,
1171,716791146589110272,
1172,716730379797970944,
1173,716447146686459905,
1174,716439118184652801,
1175,716285507865542656,
1176,716080869887381504,
1177,715928423106027520,
1178,715758151270801409,
1179,715733265223708672,
1180,715704790270025728,
1181,715696743237730304,
1182,715680795826982913,
1183,715360349751484417,
1184,715342466308784130,
1185,715220193576927233,
1186,715200624753819648,
1187,715009755312439296,
1188,714982300363173890,
1189,714962719905021952,
1190,714957620017307648,
1191,714631576617938945,
1192,714606013974974464,
1193,714485234495041536,
1194,714258258790387713,
1195,714251586676113411,
1196,714214115368108032,
1197,714141408463036416,
1198,713919462244790272,
1199,713909862279876608,
1200,713900603437621249,
1201,713761197720473600,
1202,713411074226274305,
1203,713177543487135744,
1204,713175907180089344,
1205,712809025985978368,
1206,712717840512598017,
1207,712668654853337088,
1208,712438159032893441,
1209,712309440758808576,
1210,712097430750289920,
1211,712092745624633345,
1212,712085617388212225,
1213,712065007010385924,
1214,711998809858043904,
1215,711968124745228288,
1216,711743778164514816,
1217,711732680602345472,
1218,711694788429553666,
1219,711652651650457602,
1220,711363825979756544,
1221,711306686208872448,
1222,711008018775851008,
1223,710997087345876993,
1224,710844581445812225,
1225,710833117892898816,
1226,710658690886586372,
1227,710609963652087808,
1228,710588934686908417,
1229,710296729921429505,
1230,710283270106132480,
1231,710272297844797440,
1232,710269109699739648,
1233,710153181850935296,
1234,710140971284037632,
1235,710117014656950272,
1236,709918798883774466,
1237,709901256215666688,
1238,709852847387627521,
1239,709566166965075968,
1240,709556954897764353,
1241,709519240576036864,
1242,709449600415961088,
1243,709409458133323776,
1244,709225125749587968,
1245,709207347839836162,
1246,709198395643068416,
1247,709179584944730112,
1248,709158332880297985,
1249,709042156699303936,
1250,708853462201716736,
1251,708845821941387268,
1252,708834316713893888,
1253,708810915978854401,
1254,708738143638450176,
1255,708711088997666817,
1256,708479650088034305,
1257,708469915515297792,
1258,708400866336894977,
1259,708356463048204288,
1260,708349470027751425,
1261,708149363256774660,
1262,708130923141795840,
1263,708119489313951744,
1264,708109389455101952,
1265,708026248782585858,
1266,707995814724026368,
1267,707983188426153984,
1268,707969809498152960,
1269,707776935007539200,
1270,707741517457260545,
1271,707738799544082433,
1272,707693576495472641,
1273,707629649552134146,
1274,707610948723478529,
1275,707420581654872064,
1276,707411934438625280,
1277,707387676719185920,
1278,707377100785885184,
1279,707315916783140866,
1280,707297311098011648,
1281,707059547140169728,
1282,707038192327901184,
1283,707021089608753152,
1284,707014260413456384,
1285,706904523814649856,
1286,706901761596989440,
1287,706681918348251136,
1288,706644897839910912,
1289,706593038911545345,
1290,706538006853918722,
1291,706516534877929472,
1292,706346369204748288,
1293,706310011488698368,
1294,706291001778950144,
1295,706265994973601792,
1296,706169069255446529,
1297,706166467411222528,
1298,706153300320784384,
1299,705975130514706432,
1300,705970349788291072,
1301,705898680587526145,
1302,705786532653883392,
1303,705591895322394625,
1304,705475953783398401,
1305,705442520700944385,
1306,705428427625635840,
1307,705239209544720384,
1308,705223444686888960,
1309,705102439679201280,
1310,705066031337840642,
1311,704871453724954624,
1312,704859558691414016,
1313,704847917308362754,
1314,704819833553219584,
1315,704761120771465216,
1316,704499785726889984,
1317,704491224099647488,
1318,704480331685040129,
1319,704364645503647744,
1320,704347321748819968,
1321,704134088924532736,
1322,704113298707505153,
1323,704054845121142784,
1324,703774238772166656,
1325,703769065844768768,
1326,703631701117943808,
1327,703611486317502464,
1328,703425003149250560,
1329,703407252292673536,
1330,703382836347330562,
1331,703356393781329922,
1332,703268521220972544,
1333,703079050210877440,
1334,703041949650034688,
1335,702932127499816960,
1336,702899151802126337,
1337,702684942141153280,
1338,702671118226825216,
1339,702598099714314240,
1340,702539513671897089,
1341,702332542343577600,
1342,702321140488925184,
1343,702276748847800320,
1344,702217446468493312,
1345,701981390485725185,
1346,701952816642965504,
1347,701889187134500865,
1348,701805642395348998,
1349,701601587219795968,
1350,701570477911896070,
1351,701545186879471618,
1352,701214700881756160,
1353,700890391244103680,
1354,700864154249383937,
1355,700847567345688576,
1356,700796979434098688,
1357,700747788515020802,
1358,700518061187723268,
1359,700505138482569216,
1360,700462010979500032,
1361,700167517596164096,
1362,700151421916807169,
1363,700143752053182464,
1364,700062718104104960,
1365,700029284593901568,
1366,700002074055016451,
1367,699801817392291840,
1368,699788877217865730,
1369,699779630832685056,
1370,699775878809702401,
1371,699691744225525762,
1372,699446877801091073,
1373,699434518667751424,
1374,699423671849451520,
1375,699413908797464576,
1376,699370870310113280,
1377,699323444782047232,
1378,699088579889332224,
1379,699079609774645248,
1380,699072405256409088,
1381,699060279947165696,
1382,699036661657767936,
1383,698989035503689728,
1384,698953797952008193,
1385,698907974262222848,
1386,698710712454139905,
1387,698703483621523456,
1388,698635131305795584,
1389,698549713696649216,
1390,698355670425473025,
1391,698342080612007937,
1392,698262614669991936,
1393,698195409219559425,
1394,698178924120031232,
1395,697995514407682048,
1396,697990423684476929,
1397,697943111201378304,
1398,697881462549430272,
1399,697630435728322560,
1400,697616773278015490,
1401,697596423848730625,
1402,697575480820686848,
1403,697516214579523584,
1404,697482927769255936,
1405,697463031882764288,
1406,697270446429966336,
1407,697259378236399616,
1408,697255105972801536,
1409,697242256848379904,
1410,696900204696625153,
1411,696894894812565505,
1412,696886256886657024,
1413,696877980375769088,
1414,696754882863349760,
1415,696744641916489729,
1416,696713835009417216,
1417,696518437233913856,
1418,696490539101908992,
1419,696488710901260288,
1420,696405997980676096,
1421,696100768806522880,
1422,695816827381944320,
1423,695794761660297217,
1424,695767669421768709,
1425,695629776980148225,
1426,695446424020918272,
1427,695409464418041856,
1428,695314793360662529,
1429,695095422348574720,
1430,695074328191332352,
1431,695064344191721472,
1432,695051054296211456,
1433,694925794720792577,
1434,694905863685980160,
1435,694669722378485760,
1436,694356675654983680,
1437,694352839993344000,
1438,694342028726001664,
1439,694329668942569472,
1440,694206574471057408,
1441,694183373896572928,
1442,694001791655137281,
1443,693993230313091072,
1444,693942351086120961,
1445,693647888581312512,
1446,693644216740769793,
1447,693642232151285760,
1448,693629975228977152,
1449,693622659251335168,
1450,693590843962331137,
1451,693582294167244802,
1452,693486665285931008,
1453,693280720173801472,
1454,693267061318012928,
1455,693262851218264065,
1456,693231807727280129,
1457,693155686491000832,
1458,693109034023534592,
1459,693095443459342336,
1460,692919143163629568,
1461,692905862751522816,
1462,692901601640583168,
1463,692894228850999298,
1464,692828166163931137,
1465,692752401762250755,
1466,692568918515392513,
1467,692535307825213440,
1468,692530551048294401,
1469,692423280028966913,
1470,692417313023332352,
1471,692187005137076224,
1472,692158366030913536,
1473,692142790915014657,
1474,692041934689402880,
1475,692017291282812928,
1476,691820333922455552,
1477,691793053716221953,
1478,691756958957883396,
1479,691675652215414786,
1480,691483041324204033,
1481,691459709405118465,
1482,691444869282295808,
1483,691416866452082688,
1484,691321916024623104,
1485,691096613310316544,
1486,691090071332753408,
1487,690989312272396288,
1488,690959652130045952,
1489,690938899477221376,
1490,690932576555528194,
1491,690735892932222976,
1492,690728923253055490,
1493,690690673629138944,
1494,690649993829576704,
1495,690607260360429569,
1496,690597161306841088,
1497,690400367696297985,
1498,690374419777196032,
1499,690360449368465409,
1500,690348396616552449,
1501,690248561355657216,
1502,690021994562220032,
1503,690015576308211712,
1504,690005060500217858,
1505,689999384604450816,
1506,689993469801164801,
1507,689977555533848577,
1508,689905486972461056,
1509,689877686181715968,
1510,689835978131935233,
1511,689661964914655233,
1512,689659372465688576,
1513,689623661272240129,
1514,689599056876867584,
1515,689557536375177216,
1516,689517482558820352,
1517,689289219123089408,
1518,689283819090870273,
1519,689280876073582592,
1520,689275259254616065,
1521,689255633275777024,
1522,689154315265683456,
1523,689143371370250240,
1524,688916208532455424,
1525,688908934925697024,
1526,688898160958271489,
1527,688894073864884227,
1528,688828561667567616,
1529,688804835492233216,
1530,688789766343622656,
1531,688547210804498433,
1532,688519176466644993,
1533,688385280030670848,
1534,688211956440801280,
1535,688179443353796608,
1536,688116655151435777,
1537,688064179421470721,
1538,687841446767013888,
1539,687826841265172480,
1540,687818504314159109,
1541,687807801670897665,
1542,687732144991551489,
1543,687704180304273409,
1544,687664829264453632,
1545,687494652870668288,
1546,687480748861947905,
1547,687476254459715584,
1548,687460506001633280,
1549,687399393394311168,
1550,687317306314240000,
1551,687312378585812992,
1552,687127927494963200,
1553,687124485711986689,
1554,687109925361856513,
1555,687102708889812993,
1556,687096057537363968,
1557,686947101016735744,
1558,686760001961103360,
1559,686749460672679938,
1560,686730991906516992,
1561,686683045143953408,
1562,686618349602762752,
1563,686606069955735556,
1564,686394059078897668,
1565,686386521809772549,
1566,686377065986265092,
1567,686358356425093120,
1568,686286779679375361,
1569,686050296934563840,
1570,686035780142297088,
1571,686034024800862208,
1572,686007916130873345,
1573,686003207160610816,
1574,685973236358713344,
1575,685943807276412928,
1576,685906723014619143,
1577,685681090388975616,
1578,685667379192414208,
1579,685663452032069632,
1580,685641971164143616,
1581,685547936038666240,
1582,685532292383666176,
1583,685325112850124800,
1584,685321586178670592,
1585,685315239903100929,
1586,685307451701334016,
1587,685268753634967552,
1588,685198997565345792,
1589,685169283572338688,
1590,684969860808454144,
1591,684959798585110529,
1592,684940049151070208,
1593,684926975086034944,
1594,684914660081053696,
1595,684902183876321280,
1596,684880619965411328,
1597,684830982659280897,
1598,684800227459624960,
1599,684594889858887680,
1600,684588130326986752,
1601,684567543613382656,
1602,684538444857667585,
1603,684481074559381504,
1604,684460069371654144,
1605,684241637099323392,
1606,684225744407494656,
1607,684222868335505415,
1608,684200372118904832,
1609,684195085588783105,
1610,684188786104872960,
1611,684177701129875456,
1612,684147889187209216,
1613,684122891630342144,
1614,684097758874210310,
1615,683857920510050305,
1616,683852578183077888,
1617,683849932751646720,
1618,683834909291606017,
1619,683828599284170753,
1620,683773439333797890,
1621,683742671509258241,
1622,683515932363329536,
1623,683498322573824003,
1624,683481228088049664,
1625,683462770029932544,
1626,683449695444799489,
1627,683391852557561860,
1628,683357973142474752,
1629,683142553609318400,
1630,683111407806746624,
1631,683098815881154561,
1632,683078886620553216,
1633,683030066213818368,
1634,682962037429899265,
1635,682808988178739200,
1636,682788441537560576,
1637,682750546109968385,
1638,682697186228989953,
1639,682662431982772225,
1640,682638830361513985,
1641,682429480204398592,
1642,682406705142087680,
1643,682393905736888321,
1644,682389078323662849,
1645,682303737705140231,
1646,682259524040966145,
1647,682242692827447297,
1648,682088079302213632,
1649,682059653698686977,
1650,682047327939461121,
1651,682032003584274432,
1652,682003177596559360,
1653,681981167097122816,
1654,681891461017812993,
1655,681694085539872773,
1656,681679526984871937,
1657,681654059175129088,
1658,681610798867845120,
1659,681579835668455424,
1660,681523177663676416,
1661,681340665377193984,
1662,681339448655802368,
1663,681320187870711809,
1664,681302363064414209,
1665,681297372102656000,
1666,681281657291280384,
1667,681261549936340994,
1668,681242418453299201,
1669,681231109724700672,
1670,681193455364796417,
1671,680970795137544192,
1672,680959110691590145,
1673,680940246314430465,
1674,680934982542561280,
1675,680913438424612864,
1676,680889648562991104,
1677,680836378243002368,
1678,680805554198020098,
1679,680801747103793152,
1680,680798457301471234,
1681,680609293079592961,
1682,680583894916304897,
1683,680497766108381184,
1684,680494726643068929,
1685,680473011644985345,
1686,680440374763077632,
1687,680221482581123072,
1688,680206703334408192,
1689,680191257256136705,
1690,680176173301628928,
1691,680161097740095489,
1692,680145970311643136,
1693,680130881361686529,
1694,680115823365742593,
1695,680100725817409536,
1696,680085611152338944,
1697,680070545539371008,
1698,679877062409191424,
1699,679872969355714560,
1700,679862121895714818,
1701,679854723806179328,
1702,679844490799091713,
1703,679828447187857408,
1704,679777920601223168,
1705,679736210798047232,
1706,679729593985699840,
1707,679722016581222400,
1708,679530280114372609,
1709,679527802031484928,
1710,679511351870550016,
1711,679503373272485890,
1712,679475951516934144,
1713,679462823135686656,
1714,679405845277462528,
1715,679158373988876288,
1716,679148763231985668,
1717,679132435750195208,
1718,679111216690831360,
1719,679062614270468097,
1720,679047485189439488,
1721,679001094530465792,
1722,678991772295516161,
1723,678969228704284672,
1724,678800283649069056,
1725,678798276842360832,
1726,678774928607469569,
1727,678767140346941444,
1728,678764513869611008,
1729,678755239630127104,
1730,678740035362037760,
1731,678708137298427904,
1732,678675843183484930,
1733,678643457146150913,
1734,678446151570427904,
1735,678424312106393600,
1736,678410210315247616,
1737,678399652199309312,
1738,678396796259975168,
1739,678389028614488064,
1740,678380236862578688,
1741,678341075375947776,
1742,678334497360859136,
1743,678278586130948096,
1744,678255464182861824,
1745,678023323247357953,
1746,678021115718029313,
1747,677961670166224897,
1748,677918531514703872,
1749,677895101218201600,
1750,677716515794329600,
1751,677700003327029250,
1752,677698403548192770,
1753,677687604918272002,
1754,677673981332312066,
1755,677662372920729601,
1756,677644091929329666,
1757,677573743309385728,
1758,677565715327688705,
1759,677557565589463040,
1760,677547928504967168,
1761,677530072887205888,
1762,677335745548390400,
1763,677334615166730240,
1764,677331501395156992,
1765,677328882937298944,
1766,677314812125323265,
1767,677301033169788928,
1768,677269281705472000,
1769,677228873407442944,
1770,677187300187611136,
1771,676975532580409345,
1772,676957860086095872,
1773,676949632774234114,
1774,676948236477857792,
1775,676946864479084545,
1776,676942428000112642,
1777,676936541936185344,
1778,676916996760600576,
1779,676897532954456065,
1780,676864501615042560,
1781,676821958043033607,
1782,676819651066732545,
1783,676811746707918848,
1784,676776431406465024,
1785,676617503762681856,
1786,676613908052996102,
1787,676606785097199616,
1788,676603393314578432,
1789,676593408224403456,
1790,676590572941893632,
1791,676588346097852417,
1792,676582956622721024,
1793,676575501977128964,
1794,676533798876651520,
1795,676496375194980353,
1796,676470639084101634,
1797,676440007570247681,
1798,676430933382295552,
1799,676263575653122048,
1800,676237365392908289,
1801,676219687039057920,
1802,676215927814406144,
1803,676191832485810177,
1804,676146341966438401,
1805,676121918416756736,
1806,676101918813499392,
1807,676098748976615425,
1808,676089483918516224,
1809,675898130735476737,
1810,675891555769696257,
1811,675888385639251968,
1812,675878199931371520,
1813,675870721063669760,
1814,675853064436391936,
1815,675849018447167488,
1816,675845657354215424,
1817,675822767435051008,
1818,675820929667219457,
1819,675798442703122432,
1820,675781562965868544,
1821,675740360753160193,
1822,675710890956750848,
1823,675707330206547968,
1824,675706639471788032,
1825,675534494439489536,
1826,675531475945709568,
1827,675522403582218240,
1828,675517828909424640,
1829,675501075957489664,
1830,675497103322386432,
1831,675489971617296384,
1832,675483430902214656,
1833,675432746517426176,
1834,675372240448454658,
1835,675362609739206656,
1836,675354435921575936,
1837,675349384339542016,
1838,675334060156301312,
1839,675166823650848770,
1840,675153376133427200,
1841,675149409102012420,
1842,675147105808306176,
1843,675146535592706048,
1844,675145476954566656,
1845,675135153782571009,
1846,675113801096802304,
1847,675111688094527488,
1848,675109292475830276,
1849,675047298674663426,
1850,675015141583413248,
1851,675006312288268288,
1852,675003128568291329,
1853,674999807681908736,
1854,674805413498527744,
1855,674800520222154752,
1856,674793399141146624,
1857,674790488185167872,
1858,674788554665512960,
1859,674781762103414784,
1860,674774481756377088,
1861,674767892831932416,
1862,674764817387900928,
1863,674754018082705410,
1864,674752233200820224,
1865,674743008475090944,
1866,674742531037511680,
1867,674739953134403584,
1868,674737130913071104,
1869,674690135443775488,
1870,674670581682434048,
1871,674664755118911488,
1872,674646392044941312,
1873,674644256330530816,
1874,674638615994089473,
1875,674632714662858753,
1876,674606911342424069,
1877,674468880899788800,
1878,674447403907457024,
1879,674436901579923456,
1880,674422304705744896,
1881,674416750885273600,
1882,674410619106390016,
1883,674394782723014656,
1884,674372068062928900,
1885,674330906434379776,
1886,674318007229923329,
1887,674307341513269249,
1888,674291837063053312,
1889,674271431610523648,
1890,674269164442398721,
1891,674265582246694913,
1892,674262580978937856,
1893,674255168825880576,
1894,674082852460433408,
1895,674075285688614912,
1896,674063288070742018,
1897,674053186244734976,
1898,674051556661161984,
1899,674045139690631169,
1900,674042553264685056,
1901,674038233588723717,
1902,674036086168010753,
1903,674024893172875264,
1904,674019345211760640,
1905,674014384960745472,
1906,674008982932058114,
1907,673956914389192708,
1908,673919437611909120,
1909,673906403526995968,
1910,673887867907739649,
1911,673716320723169284,
1912,673715861853720576,
1913,673711475735838725,
1914,673709992831262724,
1915,673708611235921920,
1916,673707060090052608,
1917,673705679337693185,
1918,673700254269775872,
1919,673697980713705472,
1920,673689733134946305,
1921,673688752737402881,
1922,673686845050527744,
1923,673680198160809984,
1924,673662677122719744,
1925,673656262056419329,
1926,673636718965334016,
1927,673612854080196609,
1928,673583129559498752,
1929,673580926094458881,
1930,673576835670777856,
1931,673363615379013632,
1932,673359818736984064,
1933,673355879178194945,
1934,673352124999274496,
1935,673350198937153538,
1936,673345638550134785,
1937,673343217010679808,
1938,673342308415348736,
1939,673320132811366400,
1940,673317986296586240,
1941,673295268553605120,
1942,673270968295534593,
1943,673240798075449344,
1944,673213039743795200,
1945,673148804208660480,
1946,672997845381865473,
1947,672995267319328768,
1948,672988786805112832,
1949,672984142909456390,
1950,672980819271634944,
1951,672975131468300288,
1952,672970152493887488,
1953,672968025906282496,
1954,672964561327235073,
1955,672902681409806336,
1956,672898206762672129,
1957,672884426393653248,
1958,672877615439593473,
1959,672834301050937345,
1960,672828477930868736,
1961,672640509974827008,
1962,672622327801233409,
1963,672614745925664768,
1964,672609152938721280,
1965,672604026190569472,
1966,672594978741354496,
1967,672591762242805761,
1968,672591271085670400,
1969,672538107540070400,
1970,672523490734551040,
1971,672488522314567680,
1972,672482722825261057,
1973,672481316919734272,
1974,672475084225949696,
1975,672466075045466113,
1976,672272411274932228,
1977,672267570918129665,
1978,672264251789176834,
1979,672256522047614977,
1980,672254177670729728,
1981,672248013293752320,
1982,672245253877968896,
1983,672239279297454080,
1984,672231046314901505,
1985,672222792075620352,
1986,672205392827572224,
1987,672169685991993344,
1988,672160042234327040,
1989,672139350159835138,
1990,672125275208069120,
1991,672095186491711488,
1992,672082170312290304,
1993,672068090318987265,
1994,671896809300709376,
1995,671891728106971137,
1996,671882082306625538,
1997,671879137494245376,
1998,671874878652489728,
1999,671866342182637568,
2000,671855973984772097,
2001,671789708968640512,
2002,671768281401958400,
2003,671763349865160704,
2004,671744970634719232,
2005,671743150407421952,
2006,671735591348891648,
2007,671729906628341761,
2008,671561002136281088,
2009,671550332464455680,
2010,671547767500775424,
2011,671544874165002241,
2012,671542985629241344,
2013,671538301157904385,
2014,671536543010570240,
2015,671533943490011136,
2016,671528761649688577,
2017,671520732782923777,
2018,671518598289059840,
2019,671511350426865664,
2020,671504605491109889,
2021,671497587707535361,
2022,671488513339211776,
2023,671486386088865792,
2024,671485057807351808,
2025,671390180817915904,
2026,671362598324076544,
2027,671357843010908160,
2028,671355857343524864,
2029,671347597085433856,
2030,671186162933985280,
2031,671182547775299584,
2032,671166507850801152,
2033,671163268581498880,
2034,671159727754231808,
2035,671154572044468225,
2036,671151324042559489,
2037,671147085991960577,
2038,671141549288370177,
2039,671138694582165504,
2040,671134062904504320,
2041,671122204919246848,
2042,671115716440031232,
2043,671109016219725825,
2044,670995969505435648,
2045,670842764863651840,
2046,670840546554966016,
2047,670838202509447168,
2048,670833812859932673,
2049,670832455012716544,
2050,670826280409919488,
2051,670823764196741120,
2052,670822709593571328,
2053,670815497391357952,
2054,670811965569282048,
2055,670807719151067136,
2056,670804601705242624,
2057,670803562457407488,
2058,670797304698376195,
2059,670792680469889025,
2060,670789397210615808,
2061,670786190031921152,
2062,670783437142401025,
2063,670782429121134593,
2064,670780561024270336,
2065,670778058496974848,
2066,670764103623966721,
2067,670755717859713024,
2068,670733412878163972,
2069,670727704916926465,
2070,670717338665226240,
2071,670704688707301377,
2072,670691627984359425,
2073,670679630144274432,
2074,670676092097810432,
2075,670668383499735048,
2076,670474236058800128,
2077,670468609693655041,
2078,670465786746662913,
2079,670452855871037440,
2080,670449342516494336,
2081,670444955656130560,
2082,670442337873600512,
2083,670435821946826752,
2084,670434127938719744,
2085,670433248821026816,
2086,670428280563085312,
2087,670427002554466305,
2088,670421925039075328,
2089,670420569653809152,
2090,670417414769758208,
2091,670411370698022913,
2092,670408998013820928,
2093,670403879788544000,
2094,670385711116361728,
2095,670374371102445568,
2096,670361874861563904,
2097,670338931251150849,
2098,670319130621435904,
2099,670303360680108032,
2100,670290420111441920,
2101,670093938074779648,
2102,670086499208155136,
2103,670079681849372674,
2104,670073503555706880,
2105,670069087419133954,
2106,670061506722140161,
2107,670055038660800512,
2108,670046952931721218,
2109,670040295598354432,
2110,670037189829525505,
2111,670003130994700288,
2112,669993076832759809,
2113,669972011175813120,
2114,669970042633789440,
2115,669942763794931712,
2116,669926384437997569,
2117,669923323644657664,
2118,669753178989142016,
2119,669749430875258880,
2120,669684865554620416,
2121,669683899023405056,
2122,669682095984410625,
2123,669680153564442624,
2124,669661792646373376,
2125,669625907762618368,
2126,669603084620980224,
2127,669597912108789760,
2128,669583744538451968,
2129,669573570759163904,
2130,669571471778410496,
2131,669567591774625800,
2132,669564461267722241,
2133,669393256313184256,
2134,669375718304980992,
2135,669371483794317312,
2136,669367896104181761,
2137,669363888236994561,
2138,669359674819481600,
2139,669354382627049472,
2140,669353438988365824,
2141,669351434509529089,
2142,669328503091937280,
2143,669327207240699904,
2144,669324657376567296,
2145,669216679721873412,
2146,669214165781868544,
2147,669203728096960512,
2148,669037058363662336,
2149,669015743032369152,
2150,669006782128353280,
2151,669000397445533696,
2152,668994913074286592,
2153,668992363537309700,
2154,668989615043424256,
2155,668988183816871936,
2156,668986018524233728,
2157,668981893510119424,
2158,668979806671884288,
2159,668975677807423489,
2160,668967877119254528,
2161,668960084974809088,
2162,668955713004314625,
2163,668932921458302977,
2164,668902994700836864,
2165,668892474547511297,
2166,668872652652679168,
2167,668852170888998912,
2168,668826086256599040,
2169,668815180734689280,
2170,668779399630725120,
2171,668655139528511488,
2172,668645506898350081,
2173,668643542311546881,
2174,668641109086707712,
2175,668636665813057536,
2176,668633411083464705,
2177,668631377374486528,
2178,668627278264475648,
2179,668625577880875008,
2180,668623201287675904,
2181,668620235289837568,
2182,668614819948453888,
2183,668587383441514497,
2184,668567822092664832,
2185,668544745690562560,
2186,668542336805281792,
2187,668537837512433665,
2188,668528771708952576,
2189,668507509523615744,
2190,668496999348633600,
2191,668484198282485761,
2192,668480044826800133,
2193,668466899341221888,
2194,668297328638447616,
2195,668291999406125056,
2196,668286279830867968,
2197,668274247790391296,
2198,668268907921326080,
2199,668256321989451776,
2200,668248472370458624,
2201,668237644992782336,
2202,668226093875376128,
2203,668221241640230912,
2204,668204964695683073,
2205,668190681446379520,
2206,668171859951755264,
2207,668154635664932864,
2208,668142349051129856,
2209,668113020489474048,
2210,667937095915278337,
2211,667924896115245057,
2212,667915453470232577,
2213,667911425562669056,
2214,667902449697558528,
2215,667886921285246976,
2216,667885044254572545,
2217,667878741721415682,
2218,667873844930215936,
2219,667866724293877760,
2220,667861340749471744,
2221,667832474953625600,
2222,667806454573760512,
2223,667801013445750784,
2224,667793409583771648,
2225,667782464991965184,
2226,667773195014021121,
2227,667766675769573376,
2228,667728196545200128,
2229,667724302356258817,
2230,667550904950915073,
2231,667550882905632768,
2232,667549055577362432,
2233,667546741521195010,
2234,667544320556335104,
2235,667538891197542400,
2236,667534815156183040,
2237,667530908589760512,
2238,667524857454854144,
2239,667517642048163840,
2240,667509364010450944,
2241,667502640335572993,
2242,667495797102141441,
2243,667491009379606528,
2244,667470559035432960,
2245,667455448082227200,
2246,667453023279554560,
2247,667443425659232256,
2248,667437278097252352,
2249,667435689202614272,
2250,667405339315146752,
2251,667393430834667520,
2252,667369227918143488,
2253,667211855547486208,
2254,667200525029539841,
2255,667192066997374976,
2256,667188689915760640,
2257,667182792070062081,
2258,667177989038297088,
2259,667176164155375616,
2260,667174963120574464,
2261,667171260800061440,
2262,667165590075940865,
2263,667160273090932737,
2264,667152164079423490,
2265,667138269671505920,
2266,667119796878725120,
2267,667090893657276420,
2268,667073648344346624,
2269,667070482143944705,
2270,667065535570550784,
2271,667062181243039745,
2272,667044094246576128,
2273,667012601033924608,
2274,666996132027977728,
2275,666983947667116034,
2276,666837028449972224,
2277,666835007768551424,
2278,666826780179869698,
2279,666817836334096384,
2280,666804364988780544,
2281,666786068205871104,
2282,666781792255496192,
2283,666776908487630848,
2284,666739327293083650,
2285,666701168228331520,
2286,666691418707132416,
2287,666649482315059201,
2288,666644823164719104,
2289,666454714377183233,
2290,666447344410484738,
2291,666437273139982337,
2292,666435652385423360,
2293,666430724426358785,
2294,666428276349472768,
2295,666421158376562688,
2296,666418789513326592,
2297,666411507551481857,
2298,666407126856765440,
2299,666396247373291520,
2300,666373753744588802,
2301,666362758909284353,
2302,666353288456101888,
2303,666345417576210432,
2304,666337882303524864,
2305,666293911632134144,
2306,666287406224695296,
2307,666273097616637952,
2308,666268910803644416,
2309,666104133288665088,
2310,666102155909144576,
2311,666099513787052032,
2312,666094000022159362,
2313,666082916733198337,
2314,666073100786774016,
2315,666071193221509120,
2316,666063827256086533,
2317,666058600524156928,
2318,666057090499244032,
2319,666055525042405380,
2320,666051853826850816,
2321,666050758794694657,
2322,666049248165822465,
2323,666044226329800704,
2324,666033412701032449,
2325,666029285002620928,
2326,666020888022790149,
